"type","modified","language","rights","rightsHolder","accessRights","bibliographicCitation","references","institutionID","collectionID","datasetID","institutionCode","collectionCode","datasetName","ownerInstitutionCode","basisOfRecord","informationWithheld","dataGeneralizations","dynamicProperties","associatedMedia","associatedReferences","associatedOccurrences","associatedSequences","associatedTaxa","taxonID","scientificNameID","acceptedNameUsageID","parentNameUsageID","originalNameUsageID","nameAccordingToID","namePublishedInID","taxonConceptID","scientificName","acceptedNameUsage","parentNameUsage","originalNameUsage","nameAccordingTo","namePublishedIn","namePublishedInYear","higherClassification","kingdom","phylum","class","order","family","genus","subgenus","specificEpithet","infraspecificEpithet","taxonRank","verbatimTaxonRank","scientificNameAuthorship","vernacularName","nomenclaturalCode","taxonomicStatus","nomenclaturalStatus","taxonRemarks","SubPhylum","Subclass","SuperOrder","Suborder","InfraOrder","SuperFamily","Subfamily"
,"2013-09-03","en",,,,,,,,,"ONE",,"Lemur Atlas Checklist",,"Taxon",,,,,,,,,"63",,,,,,,,"Hapalemur meridionalis","Hapalemur meridionalis",,,"Project to Atlas Lemur of Madagascar",,,"ANIMALIA;CHORDATA;VERTEBRATA;MAMMALIA;THERIA;EUTHERIA;PRIMATES;Strepsirrhini;Lemuriformes;;LEMURIDAE;;Hapalemur","Animalia","Chordata","Mammalia","Primates","Lemuridae","Hapalemur",,"meridionalis",,"species",,"Warter et al., 1987",,"ICZN",,,,,,,,,,
,"2013-09-03","en",,,,,,,,,"ONE",,"Lemur Atlas Checklist",,"Taxon",,,,,,,,,"64",,,,,,,,"Hapalemur occidentalis","Hapalemur occidentalis",,,"Project to Atlas Lemur of Madagascar",,,"ANIMALIA;CHORDATA;VERTEBRATA;MAMMALIA;THERIA;EUTHERIA;PRIMATES;Strepsirrhini;Lemuriformes;;LEMURIDAE;;Hapalemur","Animalia","Chordata","Mammalia","Primates","Lemuridae","Hapalemur",,"occidentalis",,"species",,"Rumpler, 1975",,"ICZN",,,,,,,,,,
,"2013-09-03","en",,,,,,,,,"ONE",,"Lemur Atlas Checklist",,"Taxon",,,,,,,,,"65",,,,,,,,"Hapalemur alaotrensis","Hapalemur alaotrensis",,,"Project to Atlas Lemur of Madagascar",,,"ANIMALIA;CHORDATA;VERTEBRATA;MAMMALIA;THERIA;EUTHERIA;PRIMATES;Strepsirrhini;Lemuriformes;;LEMURIDAE;;Hapalemur","Animalia","Chordata","Mammalia","Primates","Lemuridae","Hapalemur",,"alaotrensis",,"species",,"Rumpler, 1975",,"ICZN",,,,,,,,,,
,"2013-09-03","en",,,,,,,,,"ONE",,"Lemur Atlas Checklist",,"Taxon",,,,,,,,,"66",,,,,,,,"Hapalemur aureus","Hapalemur aureus",,,"Project to Atlas Lemur of Madagascar",,,"ANIMALIA;CHORDATA;VERTEBRATA;MAMMALIA;THERIA;EUTHERIA;PRIMATES;Strepsirrhini;Lemuriformes;;LEMURIDAE;;Hapalemur","Animalia","Chordata","Mammalia","Primates","Lemuridae","Hapalemur",,"aureus",,"species",,"Meier et al., 1987",,"ICZN",,,,,,,,,,
,"2013-09-03","en",,,,,,,,,"ONE",,"Lemur Atlas Checklist",,"Taxon",,,,,,,,,"67",,,,,,,,"Prolemur simus","Prolemur simus",,,"Project to Atlas Lemur of Madagascar",,,"ANIMALIA;CHORDATA;VERTEBRATA;MAMMALIA;THERIA;EUTHERIA;PRIMATES;Strepsirrhini;Lemuriformes;;LEMURIDAE;;Prolemur","Animalia","Chordata","Mammalia","Primates","Lemuridae","Prolemur",,"simus",,"species",,"(Gray, 1871)",,"ICZN",,,,,,,,,,
,"2013-09-03","en",,,,,,,,,"ONE",,"Lemur Atlas Checklist",,"Taxon",,,,,,,,,"68",,,,,,,,"Lemur catta","Lemur catta",,,"Project to Atlas Lemur of Madagascar",,,"ANIMALIA;CHORDATA;VERTEBRATA;MAMMALIA;THERIA;EUTHERIA;PRIMATES;Strepsirrhini;Lemuriformes;;LEMURIDAE;;Lemur","Animalia","Chordata","Mammalia","Primates","Lemuridae","Lemur",,"catta",,"species",,"Linnaeus, 1758",,"ICZN",,,,,,,,,,
,"2013-09-03","en",,,,,,,,,"ONE",,"Lemur Atlas Checklist",,"Taxon",,,,,,,,,"69",,,,,,,,"Eulemur fulvus","Eulemur fulvus",,,"Project to Atlas Lemur of Madagascar",,,"ANIMALIA;CHORDATA;VERTEBRATA;MAMMALIA;THERIA;EUTHERIA;PRIMATES;Strepsirrhini;Lemuriformes;;LEMURIDAE;;Eulemur","Animalia","Chordata","Mammalia","Primates","Lemuridae","Eulemur",,"fulvus",,"species",,"(E. Geoffroy, 1796)",,"ICZN",,,,,,,,,,
,"2013-09-03","en",,,,,,,,,"ONE",,"Lemur Atlas Checklist",,"Taxon",,,,,,,,,"70",,,,,,,,"Eulemur rufus","Eulemur rufus",,,"Project to Atlas Lemur of Madagascar",,,"ANIMALIA;CHORDATA;VERTEBRATA;MAMMALIA;THERIA;EUTHERIA;PRIMATES;Strepsirrhini;Lemuriformes;;LEMURIDAE;;Eulemur","Animalia","Chordata","Mammalia","Primates","Lemuridae","Eulemur",,"rufus",,"species",,"(Audebert, 1799)",,"ICZN",,,,,,,,,,
,"2013-09-03","en",,,,,,,,,"ONE",,"Lemur Atlas Checklist",,"Taxon",,,,,,,,,"71",,,,,,,,"Eulemur rufifrons","Eulemur rufifrons",,,"Project to Atlas Lemur of Madagascar",,,"ANIMALIA;CHORDATA;VERTEBRATA;MAMMALIA;THERIA;EUTHERIA;PRIMATES;Strepsirrhini;Lemuriformes;;LEMURIDAE;;Eulemur","Animalia","Chordata","Mammalia","Primates","Lemuridae","Eulemur",,"rufifrons",,"species",,"(Bennett, 1833)",,"ICZN",,,,,,,,,,
,"2013-09-03","en",,,,,,,,,"ONE",,"Lemur Atlas Checklist",,"Taxon",,,,,,,,,"72",,,,,,,,"Eulemur albifrons","Eulemur albifrons",,,"Project to Atlas Lemur of Madagascar",,,"ANIMALIA;CHORDATA;VERTEBRATA;MAMMALIA;THERIA;EUTHERIA;PRIMATES;Strepsirrhini;Lemuriformes;;LEMURIDAE;;Eulemur","Animalia","Chordata","Mammalia","Primates","Lemuridae","Eulemur",,"albifrons",,"species",,"(E. Geoffroy, 1796)",,"ICZN",,,,,,,,,,
,"2013-09-03","en",,,,,,,,,"ONE",,"Lemur Atlas Checklist",,"Taxon",,,,,,,,,"73",,,,,,,,"Eulemur sanfordi","Eulemur sanfordi",,,"Project to Atlas Lemur of Madagascar",,,"ANIMALIA;CHORDATA;VERTEBRATA;MAMMALIA;THERIA;EUTHERIA;PRIMATES;Strepsirrhini;Lemuriformes;;LEMURIDAE;;Eulemur","Animalia","Chordata","Mammalia","Primates","Lemuridae","Eulemur",,"sanfordi",,"species",,"(Archbold, 1932)",,"ICZN",,,,,,,,,,
,"2013-09-03","en",,,,,,,,,"ONE",,"Lemur Atlas Checklist",,"Taxon",,,,,,,,,"74",,,,,,,,"Eulemur cinereiceps","Eulemur cinereiceps",,,"Project to Atlas Lemur of Madagascar",,,"ANIMALIA;CHORDATA;VERTEBRATA;MAMMALIA;THERIA;EUTHERIA;PRIMATES;Strepsirrhini;Lemuriformes;;LEMURIDAE;;Eulemur","Animalia","Chordata","Mammalia","Primates","Lemuridae","Eulemur",,"cinereiceps",,"species",,"(A. Grandidier and Milne-Edwards, 1890)",,"ICZN",,,,,,,,,,
,"2013-09-03","en",,,,,,,,,"ONE",,"Lemur Atlas Checklist",,"Taxon",,,,,,,,,"75",,,,,,,,"Eulemur collaris","Eulemur collaris",,,"Project to Atlas Lemur of Madagascar",,,"ANIMALIA;CHORDATA;VERTEBRATA;MAMMALIA;THERIA;EUTHERIA;PRIMATES;Strepsirrhini;Lemuriformes;;LEMURIDAE;;Eulemur","Animalia","Chordata","Mammalia","Primates","Lemuridae","Eulemur",,"collaris",,"species",,"(E. Geoffroy, 1812)",,"ICZN",,,,,,,,,,
,"2013-09-03","en",,,,,,,,,"ONE",,"Lemur Atlas Checklist",,"Taxon",,,,,,,,,"76",,,,,,,,"Eulemur macaco","Eulemur macaco",,,"Project to Atlas Lemur of Madagascar",,,"ANIMALIA;CHORDATA;VERTEBRATA;MAMMALIA;THERIA;EUTHERIA;PRIMATES;Strepsirrhini;Lemuriformes;;LEMURIDAE;;Eulemur","Animalia","Chordata","Mammalia","Primates","Lemuridae","Eulemur",,"macaco",,"species",,"Linnaeus, 1766",,"ICZN",,,,,,,,,,
,"2013-09-03","en",,,,,,,,,"ONE",,"Lemur Atlas Checklist",,"Taxon",,,,,,,,,"77",,,,,,,,"Eulemur flavifrons","Eulemur flavifrons",,,"Project to Atlas Lemur of Madagascar",,,"ANIMALIA;CHORDATA;VERTEBRATA;MAMMALIA;THERIA;EUTHERIA;PRIMATES;Strepsirrhini;Lemuriformes;;LEMURIDAE;;Eulemur","Animalia","Chordata","Mammalia","Primates","Lemuridae","Eulemur",,"flavifrons",,"species",,"(Gray, 1867)",,"ICZN",,,,,,,,,,
,"2013-09-03","en",,,,,,,,,"ONE",,"Lemur Atlas Checklist",,"Taxon",,,,,,,,,"78",,,,,,,,"Eulemur coronatus","Eulemur coronatus",,,"Project to Atlas Lemur of Madagascar",,,"ANIMALIA;CHORDATA;VERTEBRATA;MAMMALIA;THERIA;EUTHERIA;PRIMATES;Strepsirrhini;Lemuriformes;;LEMURIDAE;;Eulemur","Animalia","Chordata","Mammalia","Primates","Lemuridae","Eulemur",,"coronatus",,"species",,"(Gray, 1842)",,"ICZN",,,,,,,,,,
,"2013-09-03","en",,,,,,,,,"ONE",,"Lemur Atlas Checklist",,"Taxon",,,,,,,,,"79",,,,,,,,"Eulemur rubriventer","Eulemur rubriventer",,,"Project to Atlas Lemur of Madagascar",,,"ANIMALIA;CHORDATA;VERTEBRATA;MAMMALIA;THERIA;EUTHERIA;PRIMATES;Strepsirrhini;Lemuriformes;;LEMURIDAE;;Eulemur","Animalia","Chordata","Mammalia","Primates","Lemuridae","Eulemur",,"rubriventer",,"species",,"(I. Geoffroy, 1850)",,"ICZN",,,,,,,,,,
,"2013-09-03","en",,,,,,,,,"ONE",,"Lemur Atlas Checklist",,"Taxon",,,,,,,,,"80",,,,,,,,"Eulemur mongoz","Eulemur mongoz",,,"Project to Atlas Lemur of Madagascar",,,"ANIMALIA;CHORDATA;VERTEBRATA;MAMMALIA;THERIA;EUTHERIA;PRIMATES;Strepsirrhini;Lemuriformes;;LEMURIDAE;;Eulemur","Animalia","Chordata","Mammalia","Primates","Lemuridae","Eulemur",,"mongoz",,"species",,"(Linnaeus, 1766)",,"ICZN",,,,,,,,,,
,"2013-09-03","en",,,,,,,,,"ONE",,"Lemur Atlas Checklist",,"Taxon",,,,,,,,,"81",,,,,,,,"Varecia variegata variegata","Varecia variegata variegata",,,"Project to Atlas Lemur of Madagascar",,,"ANIMALIA;CHORDATA;VERTEBRATA;MAMMALIA;THERIA;EUTHERIA;PRIMATES;Strepsirrhini;Lemuriformes;;LEMURIDAE;;Varecia","Animalia","Chordata","Mammalia","Primates","Lemuridae","Varecia",,"variegata","variegata","subspecies",,"(Kerr, 1792)",,"ICZN",,,,,,,,,,
,"2013-09-03","en",,,,,,,,,"ONE",,"Lemur Atlas Checklist",,"Taxon",,,,,,,,,"82",,,,,,,,"Varecia variegata editorum","Varecia variegata editorum",,,"Project to Atlas Lemur of Madagascar",,,"ANIMALIA;CHORDATA;VERTEBRATA;MAMMALIA;THERIA;EUTHERIA;PRIMATES;Strepsirrhini;Lemuriformes;;LEMURIDAE;;Varecia","Animalia","Chordata","Mammalia","Primates","Lemuridae","Varecia",,"variegata","editorum","subspecies",,"(Hill, 1953)",,"ICZN",,,,,,,,,,
,"2013-09-03","en",,,,,,,,,"ONE",,"Lemur Atlas Checklist",,"Taxon",,,,,,,,,"83",,,,,,,,"Varecia variegata subcincta","Varecia variegata subcincta",,,"Project to Atlas Lemur of Madagascar",,,"ANIMALIA;CHORDATA;VERTEBRATA;MAMMALIA;THERIA;EUTHERIA;PRIMATES;Strepsirrhini;Lemuriformes;;LEMURIDAE;;Varecia","Animalia","Chordata","Mammalia","Primates","Lemuridae","Varecia",,"variegata","subcincta","subspecies",,"(A. Smith, 1833)",,"ICZN",,,,,,,,,,
,"2013-09-03","en",,,,,,,,,"ONE",,"Lemur Atlas Checklist",,"Taxon",,,,,,,,,"84",,,,,,,,"Varecia rubra","Varecia rubra",,,"Project to Atlas Lemur of Madagascar",,,"ANIMALIA;CHORDATA;VERTEBRATA;MAMMALIA;THERIA;EUTHERIA;PRIMATES;Strepsirrhini;Lemuriformes;;LEMURIDAE;;Varecia","Animalia","Chordata","Mammalia","Primates","Lemuridae","Varecia",,"rubra",,"species",,"(E. Geoffroy, 1812)",,"ICZN",,,,,,,,,,
,"2013-09-03","en",,,,,,,,,"ONE",,"Lemur Atlas Checklist",,"Taxon",,,,,,,,,"85",,,,,,,,"Avahi laniger","Avahi laniger",,,"Project to Atlas Lemur of Madagascar",,,"ANIMALIA;CHORDATA;VERTEBRATA;MAMMALIA;THERIA;EUTHERIA;PRIMATES;Strepsirrhini;Lemuriformes;;INDRIDAE;;Avahi","Animalia","Chordata","Mammalia","Primates","Indridae","Avahi",,"laniger",,"species",,"(Gmelin, 1788)",,"ICZN",,,,,,,,,,
,"2013-09-03","en",,,,,,,,,"ONE",,"Lemur Atlas Checklist",,"Taxon",,,,,,,,,"86",,,,,,,,"Avahi mooreorum","Avahi mooreorum",,,"Project to Atlas Lemur of Madagascar",,,"ANIMALIA;CHORDATA;VERTEBRATA;MAMMALIA;THERIA;EUTHERIA;PRIMATES;Strepsirrhini;Lemuriformes;;INDRIDAE;;Avahi","Animalia","Chordata","Mammalia","Primates","Indridae","Avahi",,"mooreorum",,"species",,"Lei et al., 2008",,"ICZN",,,,,,,,,,
,"2013-09-03","en",,,,,,,,,"ONE",,"Lemur Atlas Checklist",,"Taxon",,,,,,,,,"87",,,,,,,,"Avahi peyrierasi","Avahi peyrierasi",,,"Project to Atlas Lemur of Madagascar",,,"ANIMALIA;CHORDATA;VERTEBRATA;MAMMALIA;THERIA;EUTHERIA;PRIMATES;Strepsirrhini;Lemuriformes;;INDRIDAE;;Avahi","Animalia","Chordata","Mammalia","Primates","Indridae","Avahi",,"peyrierasi",,"species",,"Zaramody et al., 2006",,"ICZN",,,,,,,,,,
,"2013-09-03","en",,,,,,,,,"ONE",,"Lemur Atlas Checklist",,"Taxon",,,,,,,,,"88",,,,,,,,"Avahi betsileo","Avahi betsileo",,,"Project to Atlas Lemur of Madagascar",,,"ANIMALIA;CHORDATA;VERTEBRATA;MAMMALIA;THERIA;EUTHERIA;PRIMATES;Strepsirrhini;Lemuriformes;;INDRIDAE;;Avahi","Animalia","Chordata","Mammalia","Primates","Indridae","Avahi",,"betsileo",,"species",,"Andriantompohavana et al., 2007",,"ICZN",,,,,,,,,,
,"2013-09-03","en",,,,,,,,,"ONE",,"Lemur Atlas Checklist",,"Taxon",,,,,,,,,"89",,,,,,,,"Avahi ramanantsoavanai","Avahi ramanantsoavanai",,,"Project to Atlas Lemur of Madagascar",,,"ANIMALIA;CHORDATA;VERTEBRATA;MAMMALIA;THERIA;EUTHERIA;PRIMATES;Strepsirrhini;Lemuriformes;;INDRIDAE;;Avahi","Animalia","Chordata","Mammalia","Primates","Indridae","Avahi",,"ramanantsoavanai",,"species",,"Zaramody et al., 2006",,"ICZN",,,,,,,,,,
,"2013-09-03","en",,,,,,,,,"ONE",,"Lemur Atlas Checklist",,"Taxon",,,,,,,,,"90",,,,,,,,"Avahi meridionalis","Avahi meridionalis",,,"Project to Atlas Lemur of Madagascar",,,"ANIMALIA;CHORDATA;VERTEBRATA;MAMMALIA;THERIA;EUTHERIA;PRIMATES;Strepsirrhini;Lemuriformes;;INDRIDAE;;Avahi","Animalia","Chordata","Mammalia","Primates","Indridae","Avahi",,"meridionalis",,"species",,"Zaramody et al., 2006",,"ICZN",,,,,,,,,,
,"2013-09-03","en",,,,,,,,,"ONE",,"Lemur Atlas Checklist",,"Taxon",,,,,,,,,"91",,,,,,,,"Avahi occidentalis","Avahi occidentalis",,,"Project to Atlas Lemur of Madagascar",,,"ANIMALIA;CHORDATA;VERTEBRATA;MAMMALIA;THERIA;EUTHERIA;PRIMATES;Strepsirrhini;Lemuriformes;;INDRIDAE;;Avahi","Animalia","Chordata","Mammalia","Primates","Indridae","Avahi",,"occidentalis",,"species",,"(Lorenz von liburnau, 1898)",,"ICZN",,,,,,,,,,
,"2013-09-03","en",,,,,,,,,"ONE",,"Lemur Atlas Checklist",,"Taxon",,,,,,,,,"92",,,,,,,,"Avahi cleesei","Avahi cleesei",,,"Project to Atlas Lemur of Madagascar",,,"ANIMALIA;CHORDATA;VERTEBRATA;MAMMALIA;THERIA;EUTHERIA;PRIMATES;Strepsirrhini;Lemuriformes;;INDRIDAE;;Avahi","Animalia","Chordata","Mammalia","Primates","Indridae","Avahi",,"cleesei",,"species",,"Thalmann and Geissmann, 2005",,"ICZN",,,,,,,,,,
,"2013-09-03","en",,,,,,,,,"ONE",,"Lemur Atlas Checklist",,"Taxon",,,,,,,,,"93",,,,,,,,"Avahi unicolor","Avahi unicolor",,,"Project to Atlas Lemur of Madagascar",,,"ANIMALIA;CHORDATA;VERTEBRATA;MAMMALIA;THERIA;EUTHERIA;PRIMATES;Strepsirrhini;Lemuriformes;;INDRIDAE;;Avahi","Animalia","Chordata","Mammalia","Primates","Indridae","Avahi",,"unicolor",,"species",,"Thalmann and Geissmann, 2005",,"ICZN",,,,,,,,,,
,"2013-09-03","en",,,,,,,,,"ONE",,"Lemur Atlas Checklist",,"Taxon",,,,,,,,,"94",,,,,,,,"Propithecus verreauxi","Propithecus verreauxi",,,"Project to Atlas Lemur of Madagascar",,,"ANIMALIA;CHORDATA;VERTEBRATA;MAMMALIA;THERIA;EUTHERIA;PRIMATES;Strepsirrhini;Lemuriformes;;INDRIDAE;;Propithecus","Animalia","Chordata","Mammalia","Primates","Indridae","Propithecus",,"verreauxi",,"species",,"A. Grandidier, 1867",,"ICZN",,,,,,,,,,
,"2013-09-03","en",,,,,,,,,"ONE",,"Lemur Atlas Checklist",,"Taxon",,,,,,,,,"95",,,,,,,,"Propithecus deckenii","Propithecus deckenii",,,"Project to Atlas Lemur of Madagascar",,,"ANIMALIA;CHORDATA;VERTEBRATA;MAMMALIA;THERIA;EUTHERIA;PRIMATES;Strepsirrhini;Lemuriformes;;INDRIDAE;;Propithecus","Animalia","Chordata","Mammalia","Primates","Indridae","Propithecus",,"deckenii",,"species",,"Peters, 1870",,"ICZN",,,,,,,,,,
,"2013-09-03","en",,,,,,,,,"ONE",,"Lemur Atlas Checklist",,"Taxon",,,,,,,,,"96",,,,,,,,"Propithecus coronatus","Propithecus coronatus",,,"Project to Atlas Lemur of Madagascar",,,"ANIMALIA;CHORDATA;VERTEBRATA;MAMMALIA;THERIA;EUTHERIA;PRIMATES;Strepsirrhini;Lemuriformes;;INDRIDAE;;Propithecus","Animalia","Chordata","Mammalia","Primates","Indridae","Propithecus",,"coronatus",,"species",,"Milne-Edwards, 1871",,"ICZN",,,,,,,,,,
,"2013-09-03","en",,,,,,,,,"ONE",,"Lemur Atlas Checklist",,"Taxon",,,,,,,,,"97",,,,,,,,"Propithecus coquereli","Propithecus coquereli",,,"Project to Atlas Lemur of Madagascar",,,"ANIMALIA;CHORDATA;VERTEBRATA;MAMMALIA;THERIA;EUTHERIA;PRIMATES;Strepsirrhini;Lemuriformes;;INDRIDAE;;Propithecus","Animalia","Chordata","Mammalia","Primates","Indridae","Propithecus",,"coquereli",,"species",,"(A. Grandidier, 1867)",,"ICZN",,,,,,,,,,
,"2013-09-03","en",,,,,,,,,"ONE",,"Lemur Atlas Checklist",,"Taxon",,,,,,,,,"98",,,,,,,,"Propithecus tattersalli","Propithecus tattersalli",,,"Project to Atlas Lemur of Madagascar",,,"ANIMALIA;CHORDATA;VERTEBRATA;MAMMALIA;THERIA;EUTHERIA;PRIMATES;Strepsirrhini;Lemuriformes;;INDRIDAE;;Propithecus","Animalia","Chordata","Mammalia","Primates","Indridae","Propithecus",,"tattersalli",,"species",,"Simons, 1988",,"ICZN",,,,,,,,,,
,"2013-09-03","en",,,,,,,,,"ONE",,"Lemur Atlas Checklist",,"Taxon",,,,,,,,,"99",,,,,,,,"Propithecus diadema","Propithecus diadema",,,"Project to Atlas Lemur of Madagascar",,,"ANIMALIA;CHORDATA;VERTEBRATA;MAMMALIA;THERIA;EUTHERIA;PRIMATES;Strepsirrhini;Lemuriformes;;INDRIDAE;;Propithecus","Animalia","Chordata","Mammalia","Primates","Indridae","Propithecus",,"diadema",,"species",,"Bennett, 1832",,"ICZN",,,,,,,,,,
,"2013-09-03","en",,,,,,,,,"ONE",,"Lemur Atlas Checklist",,"Taxon",,,,,,,,,"100",,,,,,,,"Propithecus edwardsi","Propithecus edwardsi",,,"Project to Atlas Lemur of Madagascar",,,"ANIMALIA;CHORDATA;VERTEBRATA;MAMMALIA;THERIA;EUTHERIA;PRIMATES;Strepsirrhini;Lemuriformes;;INDRIDAE;;Propithecus","Animalia","Chordata","Mammalia","Primates","Indridae","Propithecus",,"edwardsi",,"species",,"A. Grandidier, 1871",,"ICZN",,,,,,,,,,
,"2013-09-03","en",,,,,,,,,"ONE",,"Lemur Atlas Checklist",,"Taxon",,,,,,,,,"101",,,,,,,,"Propithecus candidus","Propithecus candidus",,,"Project to Atlas Lemur of Madagascar",,,"ANIMALIA;CHORDATA;VERTEBRATA;MAMMALIA;THERIA;EUTHERIA;PRIMATES;Strepsirrhini;Lemuriformes;;INDRIDAE;;Propithecus","Animalia","Chordata","Mammalia","Primates","Indridae","Propithecus",,"candidus",,"species",,"A. Grandidier, 1871",,"ICZN",,,,,,,,,,
,"2013-09-03","en",,,,,,,,,"ONE",,"Lemur Atlas Checklist",,"Taxon",,,,,,,,,"102",,,,,,,,"Propithecus perrieri","Propithecus perrieri",,,"Project to Atlas Lemur of Madagascar",,,"ANIMALIA;CHORDATA;VERTEBRATA;MAMMALIA;THERIA;EUTHERIA;PRIMATES;Strepsirrhini;Lemuriformes;;INDRIDAE;;Propithecus","Animalia","Chordata","Mammalia","Primates","Indridae","Propithecus",,"perrieri",,"species",,"Lavauden, 1931",,"ICZN",,,,,,,,,,
,"2013-09-03","en",,,,,,,,,"ONE",,"Lemur Atlas Checklist",,"Taxon",,,,,,,,,"103",,,,,,,,"Indri indri","Indri indri",,,"Project to Atlas Lemur of Madagascar",,,"ANIMALIA;CHORDATA;VERTEBRATA;MAMMALIA;THERIA;EUTHERIA;PRIMATES;Strepsirrhini;Lemuriformes;;INDRIDAE;;Indri","Animalia","Chordata","Mammalia","Primates","Indridae","Indri",,"indri",,"species",,"(Gmelin, 1788)",,"ICZN",,,,,,,,,,
,"2013-09-03","en",,,,,,,,,"ONE",,"Lemur Atlas Checklist",,"Taxon",,,,,,,,,"104",,,,,,,,"Daubentonia madagascariensis","Daubentonia madagascariensis",,,"Project to Atlas Lemur of Madagascar",,,"ANIMALIA;CHORDATA;VERTEBRATA;MAMMALIA;THERIA;EUTHERIA;PRIMATES;Strepsirrhini;Lemuriformes;;DAUBENTONIIDAE;;Daubentonia","Animalia","Chordata","Mammalia","Primates","Daubentoniidae","Daubentonia",,"madagascariensis",,"species",,"(Gmelin, 1788)",,"ICZN",,,,,,,,,,
,"2013-09-03","en",,,,,,,,,"ONE",,"Lemur Atlas Checklist",,"Taxon",,,,,,,,,"9",,,,,,,,"Microcebus sambiranensis","Microcebus sambiranensis",,,"Project to Atlas Lemur of Madagascar",,,"ANIMALIA;CHORDATA;VERTEBRATA;MAMMALIA;THERIA;EUTHERIA;PRIMATES;Strepsirrhini;Lemuriformes;;CHEIROGALEIDAE;;Microcebus","Animalia","Chordata","Mammalia","Primates","Cheirogaleidae","Microcebus",,"sambiranensis",,"species",,"Rasoloarison et al., 2000",,"ICZN",,,,,,,,,,
,"2013-09-03","en",,,,,,,,,"ONE",,"Lemur Atlas Checklist",,"Taxon",,,,,,,,,"10",,,,,,,,"Microcebus mamiratra","Microcebus mamiratra",,,"Project to Atlas Lemur of Madagascar",,,"ANIMALIA;CHORDATA;VERTEBRATA;MAMMALIA;THERIA;EUTHERIA;PRIMATES;Strepsirrhini;Lemuriformes;;CHEIROGALEIDAE;;Microcebus","Animalia","Chordata","Mammalia","Primates","Cheirogaleidae","Microcebus",,"mamiratra",,"species",,"Andriantompohavana et al., 2006",,"ICZN",,,,,,,,,,
,"2013-09-03","en",,,,,,,,,"ONE",,"Lemur Atlas Checklist",,"Taxon",,,,,,,,,"11",,,,,,,,"Microcebus tavaratra","Microcebus tavaratra",,,"Project to Atlas Lemur of Madagascar",,,"ANIMALIA;CHORDATA;VERTEBRATA;MAMMALIA;THERIA;EUTHERIA;PRIMATES;Strepsirrhini;Lemuriformes;;CHEIROGALEIDAE;;Microcebus","Animalia","Chordata","Mammalia","Primates","Cheirogaleidae","Microcebus",,"tavaratra",,"species",,"Rasoloarison et al., 2000",,"ICZN",,,,,,,,,,
,"2013-09-03","en",,,,,,,,,"ONE",,"Lemur Atlas Checklist",,"Taxon",,,,,,,,,"12",,,,,,,,"Microcebus arnholdi","Microcebus arnholdi",,,"Project to Atlas Lemur of Madagascar",,,"ANIMALIA;CHORDATA;VERTEBRATA;MAMMALIA;THERIA;EUTHERIA;PRIMATES;Strepsirrhini;Lemuriformes;;CHEIROGALEIDAE;;Microcebus","Animalia","Chordata","Mammalia","Primates","Cheirogaleidae","Microcebus",,"arnholdi",,"species",,"Louis et al., 2008",,"ICZN",,,,,,,,,,
,"2013-09-03","en",,,,,,,,,"ONE",,"Lemur Atlas Checklist",,"Taxon",,,,,,,,,"1",,,,,,,,"Microcebus murinus","Microcebus murinus",,,"Project to Atlas Lemur of Madagascar",,,"ANIMALIA;CHORDATA;VERTEBRATA;MAMMALIA;THERIA;EUTHERIA;PRIMATES;Strepsirrhini;Lemuriformes;;CHEIROGALEIDAE;;Microcebus","Animalia","Chordata","Mammalia","Primates","Cheirogaleidae","Microcebus",,"murinus",,"species",,"(J.F. Miller, 1777)",,"ICZN",,,,,,,,,,
,"2013-09-03","en",,,,,,,,,"ONE",,"Lemur Atlas Checklist",,"Taxon",,,,,,,,,"2",,,,,,,,"Microcebus griseorufus","Microcebus griseorufus",,,"Project to Atlas Lemur of Madagascar",,,"ANIMALIA;CHORDATA;VERTEBRATA;MAMMALIA;THERIA;EUTHERIA;PRIMATES;Strepsirrhini;Lemuriformes;;CHEIROGALEIDAE;;Microcebus","Animalia","Chordata","Mammalia","Primates","Cheirogaleidae","Microcebus",,"griseorufus",,"species",,"Kollman, 1910",,"ICZN",,,,,,,,,,
,"2013-09-03","en",,,,,,,,,"ONE",,"Lemur Atlas Checklist",,"Taxon",,,,,,,,,"3",,,,,,,,"Microcebus berthae","Microcebus berthae",,,"Project to Atlas Lemur of Madagascar",,,"ANIMALIA;CHORDATA;VERTEBRATA;MAMMALIA;THERIA;EUTHERIA;PRIMATES;Strepsirrhini;Lemuriformes;;CHEIROGALEIDAE;;Microcebus","Animalia","Chordata","Mammalia","Primates","Cheirogaleidae","Microcebus",,"berthae",,"species",,"Rasoloarison et al., 2000",,"ICZN",,,,,,,,,,
,"2013-09-03","en",,,,,,,,,"ONE",,"Lemur Atlas Checklist",,"Taxon",,,,,,,,,"4",,,,,,,,"Microcebus myoxinus","Microcebus myoxinus",,,"Project to Atlas Lemur of Madagascar",,,"ANIMALIA;CHORDATA;VERTEBRATA;MAMMALIA;THERIA;EUTHERIA;PRIMATES;Strepsirrhini;Lemuriformes;;CHEIROGALEIDAE;;Microcebus","Animalia","Chordata","Mammalia","Primates","Cheirogaleidae","Microcebus",,"myoxinus",,"species",,"Peters, 1852",,"ICZN",,,,,,,,,,
,"2013-09-03","en",,,,,,,,,"ONE",,"Lemur Atlas Checklist",,"Taxon",,,,,,,,,"5",,,,,,,,"Microcebus ravelobensis","Microcebus ravelobensis",,,"Project to Atlas Lemur of Madagascar",,,"ANIMALIA;CHORDATA;VERTEBRATA;MAMMALIA;THERIA;EUTHERIA;PRIMATES;Strepsirrhini;Lemuriformes;;CHEIROGALEIDAE;;Microcebus","Animalia","Chordata","Mammalia","Primates","Cheirogaleidae","Microcebus",,"ravelobensis",,"species",,"Zimmermann et al., 1997",,"ICZN",,,,,,,,,,
,"2013-09-03","en",,,,,,,,,"ONE",,"Lemur Atlas Checklist",,"Taxon",,,,,,,,,"6",,,,,,,,"Microcebus bongolavensis","Microcebus bongolavensis",,,"Project to Atlas Lemur of Madagascar",,,"ANIMALIA;CHORDATA;VERTEBRATA;MAMMALIA;THERIA;EUTHERIA;PRIMATES;Strepsirrhini;Lemuriformes;;CHEIROGALEIDAE;;Microcebus","Animalia","Chordata","Mammalia","Primates","Cheirogaleidae","Microcebus",,"bongolavensis",,"species",,"Olivieri et al., 2007",,"ICZN",,,,,,,,,,
,"2013-09-03","en",,,,,,,,,"ONE",,"Lemur Atlas Checklist",,"Taxon",,,,,,,,,"7",,,,,,,,"Microcebus danfossi","Microcebus danfossi",,,"Project to Atlas Lemur of Madagascar",,,"ANIMALIA;CHORDATA;VERTEBRATA;MAMMALIA;THERIA;EUTHERIA;PRIMATES;Strepsirrhini;Lemuriformes;;CHEIROGALEIDAE;;Microcebus","Animalia","Chordata","Mammalia","Primates","Cheirogaleidae","Microcebus",,"danfossi",,"species",,"Olivieri et al., 2007",,"ICZN",,,,,,,,,,
,"2013-09-03","en",,,,,,,,,"ONE",,"Lemur Atlas Checklist",,"Taxon",,,,,,,,,"8",,,,,,,,"Microcebus margotmarshae","Microcebus margotmarshae",,,"Project to Atlas Lemur of Madagascar",,,"ANIMALIA;CHORDATA;VERTEBRATA;MAMMALIA;THERIA;EUTHERIA;PRIMATES;Strepsirrhini;Lemuriformes;;CHEIROGALEIDAE;;Microcebus","Animalia","Chordata","Mammalia","Primates","Cheirogaleidae","Microcebus",,"margotmarshae",,"species",,"Louis et al., 2008",,"ICZN",,,,,,,,,,
,"2013-09-03","en",,,,,,,,,"ONE",,"Lemur Atlas Checklist",,"Taxon",,,,,,,,,"13",,,,,,,,"Microcebus rufus","Microcebus rufus",,,"Project to Atlas Lemur of Madagascar",,,"ANIMALIA;CHORDATA;VERTEBRATA;MAMMALIA;THERIA;EUTHERIA;PRIMATES;Strepsirrhini;Lemuriformes;;CHEIROGALEIDAE;;Microcebus","Animalia","Chordata","Mammalia","Primates","Cheirogaleidae","Microcebus",,"rufus",,"species",,"(Lesson, 1840)",,"ICZN",,,,,,,,,,
,"2013-09-03","en",,,,,,,,,"ONE",,"Lemur Atlas Checklist",,"Taxon",,,,,,,,,"14",,,,,,,,"Microcebus jollyae","Microcebus jollyae",,,"Project to Atlas Lemur of Madagascar",,,"ANIMALIA;CHORDATA;VERTEBRATA;MAMMALIA;THERIA;EUTHERIA;PRIMATES;Strepsirrhini;Lemuriformes;;CHEIROGALEIDAE;;Microcebus","Animalia","Chordata","Mammalia","Primates","Cheirogaleidae","Microcebus",,"jollyae",,"species",,"Louis et al., 2006",,"ICZN",,,,,,,,,,
,"2013-09-03","en",,,,,,,,,"ONE",,"Lemur Atlas Checklist",,"Taxon",,,,,,,,,"15",,,,,,,,"Microcebus lehilahytsara","Microcebus lehilahytsara",,,"Project to Atlas Lemur of Madagascar",,,"ANIMALIA;CHORDATA;VERTEBRATA;MAMMALIA;THERIA;EUTHERIA;PRIMATES;Strepsirrhini;Lemuriformes;;CHEIROGALEIDAE;;Microcebus","Animalia","Chordata","Mammalia","Primates","Cheirogaleidae","Microcebus",,"lehilahytsara",,"species",,"Roos and Kappeler, 2005 in Kappeler et al., 2005",,"ICZN",,,,,,,,,,
,"2013-09-03","en",,,,,,,,,"ONE",,"Lemur Atlas Checklist",,"Taxon",,,,,,,,,"16",,,,,,,,"Microcebus simmonsi","Microcebus simmonsi",,,"Project to Atlas Lemur of Madagascar",,,"ANIMALIA;CHORDATA;VERTEBRATA;MAMMALIA;THERIA;EUTHERIA;PRIMATES;Strepsirrhini;Lemuriformes;;CHEIROGALEIDAE;;Microcebus","Animalia","Chordata","Mammalia","Primates","Cheirogaleidae","Microcebus",,"simmonsi",,"species",,"Louis et al., 2006",,"ICZN",,,,,,,,,,
,"2013-09-03","en",,,,,,,,,"ONE",,"Lemur Atlas Checklist",,"Taxon",,,,,,,,,"17",,,,,,,,"Microcebus macarthurii","Microcebus macarthurii",,,"Project to Atlas Lemur of Madagascar",,,"ANIMALIA;CHORDATA;VERTEBRATA;MAMMALIA;THERIA;EUTHERIA;PRIMATES;Strepsirrhini;Lemuriformes;;CHEIROGALEIDAE;;Microcebus","Animalia","Chordata","Mammalia","Primates","Cheirogaleidae","Microcebus",,"macarthurii",,"species",,"Radespiel et al., 2008",,"ICZN",,,,,,,,,,
,"2013-09-03","en",,,,,,,,,"ONE",,"Lemur Atlas Checklist",,"Taxon",,,,,,,,,"18",,,,,,,,"Microcebus mittermeieri","Microcebus mittermeieri",,,"Project to Atlas Lemur of Madagascar",,,"ANIMALIA;CHORDATA;VERTEBRATA;MAMMALIA;THERIA;EUTHERIA;PRIMATES;Strepsirrhini;Lemuriformes;;CHEIROGALEIDAE;;Microcebus","Animalia","Chordata","Mammalia","Primates","Cheirogaleidae","Microcebus",,"mittermeieri",,"species",,"Louis et al., 2006",,"ICZN",,,,,,,,,,
,"2013-09-19","en",,,,,,,,,"ONE",,"Lemur Atlas Checklist",,"Taxon",,,,,,,,,"19",,,,,,,,"Microcebus gerpi","Microcebus gerpi",,,"Project to Atlas Lemur of Madagascar",,,"ANIMALIA;CHORDATA;VERTEBRATA;MAMMALIA;THERIA;EUTHERIA;PRIMATES;Strepsirrhini;Lemuriformes;;CHEIROGALEIDAE;;Microcebus","Animalia","Chordata","Mammalia","Primates","Cheirogaleidae","Microcebus",,"gerpi",,"species",,"Radespiel et al., 2012",,"ICZN",,,,,,,,,,
",""2013-09-19"",""en"",,,,,,,,,""ONE"",,""Lemur Atlas Checklist"",,""Taxon"",,,,,,,,,""20"",,,,,,,,""Microcebus tanosi"",""Microcebus tanosi"",,,""Project to Atlas Lemur of Madagascar"",,,""ANIMALIA";CHORDATA;VERTEBRATA;MAMMALIA;THERIA;EUTHERIA;PRIMATES;Strepsirrhini;Lemuriformes;;CHEIROGALEIDAE;;"Microcebus""";Animalia;Chordata;Mammalia;Primates;Cheirogaleidae;Microcebus;;tanosi;;species;;Rasoloarison et al., 2013;;ICZN
",""2013-09-19"",""en"",,,,,,,,,""ONE"",,""Lemur Atlas Checklist"",,""Taxon"",,,,,,,,,""21"",,,,,,,,""Microcebus marohita"",""Microcebus marohita"",,,""Project to Atlas Lemur of Madagascar"",,,""ANIMALIA";CHORDATA;VERTEBRATA;MAMMALIA;THERIA;EUTHERIA;PRIMATES;Strepsirrhini;Lemuriformes;;CHEIROGALEIDAE;;"Microcebus""";Animalia;Chordata;Mammalia;Primates;Cheirogaleidae;Microcebus;;marohita;;species;;Rasoloarison et al., 2013;;ICZN
,"2013-09-03","en",,,,,,,,,"ONE",,"Lemur Atlas Checklist",,"Taxon",,,,,,,,,"22",,,,,,,,"Mirza coquereli","Mirza coquereli",,,"Project to Atlas Lemur of Madagascar",,,"ANIMALIA;CHORDATA;VERTEBRATA;MAMMALIA;THERIA;EUTHERIA;PRIMATES;Strepsirrhini;Lemuriformes;;CHEIROGALEIDAE;;Mirza","Animalia","Chordata","Mammalia","Primates","Cheirogaleidae","Mirza",,"coquereli",,"species",,"(A. Grandidier, 1867)",,"ICZN",,,,,,,,,,
,"2013-09-03","en",,,,,,,,,"ONE",,"Lemur Atlas Checklist",,"Taxon",,,,,,,,,"23",,,,,,,,"Mirza zaza","Mirza zaza",,,"Project to Atlas Lemur of Madagascar",,,"ANIMALIA;CHORDATA;VERTEBRATA;MAMMALIA;THERIA;EUTHERIA;PRIMATES;Strepsirrhini;Lemuriformes;;CHEIROGALEIDAE;;Mirza","Animalia","Chordata","Mammalia","Primates","Cheirogaleidae","Mirza",,"zaza",,"species",,"Kappeler and Roos, 2005 in Kappeler et al., 2005",,"ICZN",,,,,,,,,,
,"2013-09-03","en",,,,,,,,,"ONE",,"Lemur Atlas Checklist",,"Taxon",,,,,,,,,"24",,,,,,,,"Allocebus trichotis","Allocebus trichotis",,,"Project to Atlas Lemur of Madagascar",,,"ANIMALIA;CHORDATA;VERTEBRATA;MAMMALIA;THERIA;EUTHERIA;PRIMATES;Strepsirrhini;Lemuriformes;;CHEIROGALEIDAE;;Allocebus","Animalia","Chordata","Mammalia","Primates","Cheirogaleidae","Allocebus",,"trichotis",,"species",,"GÃ¼nther, 1875",,"ICZN",,,,,,,,,,
,"2013-09-03","en",,,,,,,,,"ONE",,"Lemur Atlas Checklist",,"Taxon",,,,,,,,,"25",,,,,,,,"Cheirogaleus medius","Cheirogaleus medius",,,"Project to Atlas Lemur of Madagascar",,,"ANIMALIA;CHORDATA;VERTEBRATA;MAMMALIA;THERIA;EUTHERIA;PRIMATES;Strepsirrhini;Lemuriformes;;CHEIROGALEIDAE;;Cheirogaleus","Animalia","Chordata","Mammalia","Primates","Cheirogaleidae","Cheirogaleus",,"medius",,"species",,"E. Geoffroy, 1812",,"ICZN",,,,,,,,,,
,"2013-09-03","en",,,,,,,,,"ONE",,"Lemur Atlas Checklist",,"Taxon",,,,,,,,,"26",,,,,,,,"Cheirogaleus sibreei","Cheirogaleus sibreei",,,"Project to Atlas Lemur of Madagascar",,,"ANIMALIA;CHORDATA;VERTEBRATA;MAMMALIA;THERIA;EUTHERIA;PRIMATES;Strepsirrhini;Lemuriformes;;CHEIROGALEIDAE;;Cheirogaleus","Animalia","Chordata","Mammalia","Primates","Cheirogaleidae","Cheirogaleus",,"sibreei",,"species",,"(Forsyth Major, 1896)",,"ICZN",,,,,,,,,,
,"2013-09-03","en",,,,,,,,,"ONE",,"Lemur Atlas Checklist",,"Taxon",,,,,,,,,"27",,,,,,,,"Cheirogaleus major","Cheirogaleus major",,,"Project to Atlas Lemur of Madagascar",,,"ANIMALIA;CHORDATA;VERTEBRATA;MAMMALIA;THERIA;EUTHERIA;PRIMATES;Strepsirrhini;Lemuriformes;;CHEIROGALEIDAE;;Cheirogaleus","Animalia","Chordata","Mammalia","Primates","Cheirogaleidae","Cheirogaleus",,"major",,"species",,"E. Geoffroy, 1812",,"ICZN",,,,,,,,,,
,"2013-09-03","en",,,,,,,,,"ONE",,"Lemur Atlas Checklist",,"Taxon",,,,,,,,,"28",,,,,,,,"Cheirogaleus crossleyi","Cheirogaleus crossleyi",,,"Project to Atlas Lemur of Madagascar",,,"ANIMALIA;CHORDATA;VERTEBRATA;MAMMALIA;THERIA;EUTHERIA;PRIMATES;Strepsirrhini;Lemuriformes;;CHEIROGALEIDAE;;Cheirogaleus","Animalia","Chordata","Mammalia","Primates","Cheirogaleidae","Cheirogaleus",,"crossleyi",,"species",,"A. Grandidier, 1870",,"ICZN",,,,,,,,,,
,"2013-09-03","en",,,,,,,,,"ONE",,"Lemur Atlas Checklist",,"Taxon",,,,,,,,,"29",,,,,,,,"Cheirogaleus minusculus","Cheirogaleus minusculus",,,"Project to Atlas Lemur of Madagascar",,,"ANIMALIA;CHORDATA;VERTEBRATA;MAMMALIA;THERIA;EUTHERIA;PRIMATES;Strepsirrhini;Lemuriformes;;CHEIROGALEIDAE;;Cheirogaleus","Animalia","Chordata","Mammalia","Primates","Cheirogaleidae","Cheirogaleus",,"minusculus",,"species",,"Groves, 2000",,"ICZN",,,,,,,,,,
,"2013-09-03","en",,,,,,,,,"ONE",,"Lemur Atlas Checklist",,"Taxon",,,,,,,,,"30",,,,,,,,"Phaner furcifer","Phaner furcifer",,,"Project to Atlas Lemur of Madagascar",,,"ANIMALIA;CHORDATA;VERTEBRATA;MAMMALIA;THERIA;EUTHERIA;PRIMATES;Strepsirrhini;Lemuriformes;;CHEIROGALEIDAE;;Phaner","Animalia","Chordata","Mammalia","Primates","Cheirogaleidae","Phaner",,"furcifer",,"species",,"(de Blainville, 1839)",,"ICZN",,,,,,,,,,
,"2013-09-03","en",,,,,,,,,"ONE",,"Lemur Atlas Checklist",,"Taxon",,,,,,,,,"31",,,,,,,,"Phaner pallescens","Phaner pallescens",,,"Project to Atlas Lemur of Madagascar",,,"ANIMALIA;CHORDATA;VERTEBRATA;MAMMALIA;THERIA;EUTHERIA;PRIMATES;Strepsirrhini;Lemuriformes;;CHEIROGALEIDAE;;Phaner","Animalia","Chordata","Mammalia","Primates","Cheirogaleidae","Phaner",,"pallescens",,"species",,"Groves and Tattersall, 1991",,"ICZN",,,,,,,,,,
,"2013-09-03","en",,,,,,,,,"ONE",,"Lemur Atlas Checklist",,"Taxon",,,,,,,,,"32",,,,,,,,"Phaner parienti","Phaner parienti",,,"Project to Atlas Lemur of Madagascar",,,"ANIMALIA;CHORDATA;VERTEBRATA;MAMMALIA;THERIA;EUTHERIA;PRIMATES;Strepsirrhini;Lemuriformes;;CHEIROGALEIDAE;;Phaner","Animalia","Chordata","Mammalia","Primates","Cheirogaleidae","Phaner",,"parienti",,"species",,"Groves and Tattersall, 1991",,"ICZN",,,,,,,,,,
,"2013-09-03","en",,,,,,,,,"ONE",,"Lemur Atlas Checklist",,"Taxon",,,,,,,,,"33",,,,,,,,"Phaner electromontis","Phaner electromontis",,,"Project to Atlas Lemur of Madagascar",,,"ANIMALIA;CHORDATA;VERTEBRATA;MAMMALIA;THERIA;EUTHERIA;PRIMATES;Strepsirrhini;Lemuriformes;;CHEIROGALEIDAE;;Phaner","Animalia","Chordata","Mammalia","Primates","Cheirogaleidae","Phaner",,"electromontis",,"species",,"Groves and Tattersall, 1991",,"ICZN",,,,,,,,,,
,"2013-09-03","en",,,,,,,,,"ONE",,"Lemur Atlas Checklist",,"Taxon",,,,,,,,,"34",,,,,,,,"Lepilemur mustelinus","Lepilemur mustelinus",,,"Project to Atlas Lemur of Madagascar",,,"ANIMALIA;CHORDATA;VERTEBRATA;MAMMALIA;THERIA;EUTHERIA;PRIMATES;Strepsirrhini;Lemuriformes;;LEPILEMURIDAE;;Lepilemur","Animalia","Chordata","Mammalia","Primates","Lepilemuridae","Lepilemur",,"mustelinus",,"species",,"I. Geoffroy, 1851",,"ICZN",,,,,,,,,,
,"2013-09-03","en",,,,,,,,,"ONE",,"Lemur Atlas Checklist",,"Taxon",,,,,,,,,"35",,,,,,,,"Lepilemur betsileo","Lepilemur betsileo",,,"Project to Atlas Lemur of Madagascar",,,"ANIMALIA;CHORDATA;VERTEBRATA;MAMMALIA;THERIA;EUTHERIA;PRIMATES;Strepsirrhini;Lemuriformes;;LEPILEMURIDAE;;Lepilemur","Animalia","Chordata","Mammalia","Primates","Lepilemuridae","Lepilemur",,"betsileo",,"species",,"Louis et al., 2006",,"ICZN",,,,,,,,,,
,"2013-09-03","en",,,,,,,,,"ONE",,"Lemur Atlas Checklist",,"Taxon",,,,,,,,,"36",,,,,,,,"Lepilemur microdon","Lepilemur microdon",,,"Project to Atlas Lemur of Madagascar",,,"ANIMALIA;CHORDATA;VERTEBRATA;MAMMALIA;THERIA;EUTHERIA;PRIMATES;Strepsirrhini;Lemuriformes;;LEPILEMURIDAE;;Lepilemur","Animalia","Chordata","Mammalia","Primates","Lepilemuridae","Lepilemur",,"microdon",,"species",,"(Forsyth Major, 1894)",,"ICZN",,,,,,,,,,
,"2013-09-03","en",,,,,,,,,"ONE",,"Lemur Atlas Checklist",,"Taxon",,,,,,,,,"37",,,,,,,,"Lepilemur jamesorum","Lepilemur jamesorum",,,"Project to Atlas Lemur of Madagascar",,,"ANIMALIA;CHORDATA;VERTEBRATA;MAMMALIA;THERIA;EUTHERIA;PRIMATES;Strepsirrhini;Lemuriformes;;LEPILEMURIDAE;;Lepilemur","Animalia","Chordata","Mammalia","Primates","Lepilemuridae","Lepilemur",,"jamesorum",,"species",,"Louis et al., 2006",,"ICZN",,,,,,,,,,
,"2013-09-03","en",,,,,,,,,"ONE",,"Lemur Atlas Checklist",,"Taxon",,,,,,,,,"38",,,,,,,,"Lepilemur wrightae","Lepilemur wrightae",,,"Project to Atlas Lemur of Madagascar",,,"ANIMALIA;CHORDATA;VERTEBRATA;MAMMALIA;THERIA;EUTHERIA;PRIMATES;Strepsirrhini;Lemuriformes;;LEPILEMURIDAE;;Lepilemur","Animalia","Chordata","Mammalia","Primates","Lepilemuridae","Lepilemur",,"wrightae",,"species",,"Louis et al., 2006",,"ICZN",,,,,,,,,,
,"2013-09-03","en",,,,,,,,,"ONE",,"Lemur Atlas Checklist",,"Taxon",,,,,,,,,"39",,,,,,,,"Lepilemur fleuretae","Lepilemur fleuretae",,,"Project to Atlas Lemur of Madagascar",,,"ANIMALIA;CHORDATA;VERTEBRATA;MAMMALIA;THERIA;EUTHERIA;PRIMATES;Strepsirrhini;Lemuriformes;;LEPILEMURIDAE;;Lepilemur","Animalia","Chordata","Mammalia","Primates","Lepilemuridae","Lepilemur",,"fleuretae",,"species",,"Louis et al., 2006",,"ICZN",,,,,,,,,,
,"2013-09-03","en",,,,,,,,,"ONE",,"Lemur Atlas Checklist",,"Taxon",,,,,,,,,"40",,,,,,,,"Lepilemur hollandorum","Lepilemur hollandorum",,,"Project to Atlas Lemur of Madagascar",,,"ANIMALIA;CHORDATA;VERTEBRATA;MAMMALIA;THERIA;EUTHERIA;PRIMATES;Strepsirrhini;Lemuriformes;;LEPILEMURIDAE;;Lepilemur","Animalia","Chordata","Mammalia","Primates","Lepilemuridae","Lepilemur",,"hollandorum",,"species",,"Ramaromilanto et al., 2009",,"ICZN",,,,,,,,,,
,"2013-09-03","en",,,,,,,,,"ONE",,"Lemur Atlas Checklist",,"Taxon",,,,,,,,,"41",,,,,,,,"Lepilemur seali","Lepilemur seali",,,"Project to Atlas Lemur of Madagascar",,,"ANIMALIA;CHORDATA;VERTEBRATA;MAMMALIA;THERIA;EUTHERIA;PRIMATES;Strepsirrhini;Lemuriformes;;LEPILEMURIDAE;;Lepilemur","Animalia","Chordata","Mammalia","Primates","Lepilemuridae","Lepilemur",,"seali",,"species",,"Louis et al., 2006",,"ICZN",,,,,,,,,,
,"2013-09-03","en",,,,,,,,,"ONE",,"Lemur Atlas Checklist",,"Taxon",,,,,,,,,"42",,,,,,,,"Lepilemur scottorum","Lepilemur scottorum",,,"Project to Atlas Lemur of Madagascar",,,"ANIMALIA;CHORDATA;VERTEBRATA;MAMMALIA;THERIA;EUTHERIA;PRIMATES;Strepsirrhini;Lemuriformes;;LEPILEMURIDAE;;Lepilemur","Animalia","Chordata","Mammalia","Primates","Lepilemuridae","Lepilemur",,"scottorum",,"species",,"Lei et al., 2008",,"ICZN",,,,,,,,,,
,"2013-09-03","en",,,,,,,,,"ONE",,"Lemur Atlas Checklist",,"Taxon",,,,,,,,,"43",,,,,,,,"Lepilemur milanoii","Lepilemur milanoii",,,"Project to Atlas Lemur of Madagascar",,,"ANIMALIA;CHORDATA;VERTEBRATA;MAMMALIA;THERIA;EUTHERIA;PRIMATES;Strepsirrhini;Lemuriformes;;LEPILEMURIDAE;;Lepilemur","Animalia","Chordata","Mammalia","Primates","Lepilemuridae","Lepilemur",,"milanoii",,"species",,"Louis et al., 2006",,"ICZN",,,,,,,,,,
,"2013-09-03","en",,,,,,,,,"ONE",,"Lemur Atlas Checklist",,"Taxon",,,,,,,,,"44",,,,,,,,"Lepilemur ankaranensis","Lepilemur ankaranensis",,,"Project to Atlas Lemur of Madagascar",,,"ANIMALIA;CHORDATA;VERTEBRATA;MAMMALIA;THERIA;EUTHERIA;PRIMATES;Strepsirrhini;Lemuriformes;;LEPILEMURIDAE;;Lepilemur","Animalia","Chordata","Mammalia","Primates","Lepilemuridae","Lepilemur",,"ankaranensis",,"species",,"Rumpler and Albignac, 1975",,"ICZN",,,,,,,,,,
,"2013-09-03","en",,,,,,,,,"ONE",,"Lemur Atlas Checklist",,"Taxon",,,,,,,,,"45",,,,,,,,"Lepilemur septentrionalis","Lepilemur septentrionalis",,,"Project to Atlas Lemur of Madagascar",,,"ANIMALIA;CHORDATA;VERTEBRATA;MAMMALIA;THERIA;EUTHERIA;PRIMATES;Strepsirrhini;Lemuriformes;;LEPILEMURIDAE;;Lepilemur","Animalia","Chordata","Mammalia","Primates","Lepilemuridae","Lepilemur",,"septentrionalis",,"species",,"Rumpler and Albignac, 1975",,"ICZN",,,,,,,,,,
,"2013-09-03","en",,,,,,,,,"ONE",,"Lemur Atlas Checklist",,"Taxon",,,,,,,,,"46",,,,,,,,"Lepilemur dorsalis","Lepilemur dorsalis",,,"Project to Atlas Lemur of Madagascar",,,"ANIMALIA;CHORDATA;VERTEBRATA;MAMMALIA;THERIA;EUTHERIA;PRIMATES;Strepsirrhini;Lemuriformes;;LEPILEMURIDAE;;Lepilemur","Animalia","Chordata","Mammalia","Primates","Lepilemuridae","Lepilemur",,"dorsalis",,"species",,"Gray, 1871",,"ICZN",,,,,,,,,,
,"2013-09-03","en",,,,,,,,,"ONE",,"Lemur Atlas Checklist",,"Taxon",,,,,,,,,"47",,,,,,,,"Lepilemur tymerlachsonorum","Lepilemur tymerlachsonorum",,,"Project to Atlas Lemur of Madagascar",,,"ANIMALIA;CHORDATA;VERTEBRATA;MAMMALIA;THERIA;EUTHERIA;PRIMATES;Strepsirrhini;Lemuriformes;;LEPILEMURIDAE;;Lepilemur","Animalia","Chordata","Mammalia","Primates","Lepilemuridae","Lepilemur",,"tymerlachsonorum",,"species",,"Louis et al., 2006",,"ICZN",,,,,,,,,,
,"2013-09-03","en",,,,,,,,,"ONE",,"Lemur Atlas Checklist",,"Taxon",,,,,,,,,"48",,,,,,,,"Lepilemur mittermeieri","Lepilemur mittermeieri",,,"Project to Atlas Lemur of Madagascar",,,"ANIMALIA;CHORDATA;VERTEBRATA;MAMMALIA;THERIA;EUTHERIA;PRIMATES;Strepsirrhini;Lemuriformes;;LEPILEMURIDAE;;Lepilemur","Animalia","Chordata","Mammalia","Primates","Lepilemuridae","Lepilemur",,"mittermeieri",,"species",,"Rabarivola et al., 2006",,"ICZN",,,,,,,,,,
,"2013-09-03","en",,,,,,,,,"ONE",,"Lemur Atlas Checklist",,"Taxon",,,,,,,,,"49",,,,,,,,"Lepilemur sahamalazensis","Lepilemur sahamalazensis",,,"Project to Atlas Lemur of Madagascar",,,"ANIMALIA;CHORDATA;VERTEBRATA;MAMMALIA;THERIA;EUTHERIA;PRIMATES;Strepsirrhini;Lemuriformes;;LEPILEMURIDAE;;Lepilemur","Animalia","Chordata","Mammalia","Primates","Lepilemuridae","Lepilemur",,"sahamalazensis",,"species",,"Andriaholinirina et al., 2006",,"ICZN",,,,,,,,,,
,"2013-09-03","en",,,,,,,,,"ONE",,"Lemur Atlas Checklist",,"Taxon",,,,,,,,,"50",,,,,,,,"Lepilemur grewcockorum","Lepilemur grewcockorum",,,"Project to Atlas Lemur of Madagascar",,,"ANIMALIA;CHORDATA;VERTEBRATA;MAMMALIA;THERIA;EUTHERIA;PRIMATES;Strepsirrhini;Lemuriformes;;LEPILEMURIDAE;;Lepilemur","Animalia","Chordata","Mammalia","Primates","Lepilemuridae","Lepilemur",,"grewcockorum",,"species",,"Louis et al., 2006",,"ICZN",,,,,,,,,,
,"2013-09-03","en",,,,,,,,,"ONE",,"Lemur Atlas Checklist",,"Taxon",,,,,,,,,"51",,,,,,,,"Lepilemur otto","Lepilemur otto",,,"Project to Atlas Lemur of Madagascar",,,"ANIMALIA;CHORDATA;VERTEBRATA;MAMMALIA;THERIA;EUTHERIA;PRIMATES;Strepsirrhini;Lemuriformes;;LEPILEMURIDAE;;Lepilemur","Animalia","Chordata","Mammalia","Primates","Lepilemuridae","Lepilemur",,"otto",,"species",,"Craul et al., 2007",,"ICZN",,,,,,,,,,
,"2013-09-03","en",,,,,,,,,"ONE",,"Lemur Atlas Checklist",,"Taxon",,,,,,,,,"52",,,,,,,,"Lepilemur edwardsi","Lepilemur edwardsi",,,"Project to Atlas Lemur of Madagascar",,,"ANIMALIA;CHORDATA;VERTEBRATA;MAMMALIA;THERIA;EUTHERIA;PRIMATES;Strepsirrhini;Lemuriformes;;LEPILEMURIDAE;;Lepilemur","Animalia","Chordata","Mammalia","Primates","Lepilemuridae","Lepilemur",,"edwardsi",,"species",,"(Forsyth Major, 1894)",,"ICZN",,,,,,,,,,
,"2013-09-03","en",,,,,,,,,"ONE",,"Lemur Atlas Checklist",,"Taxon",,,,,,,,,"53",,,,,,,,"Lepilemur aeeclis","Lepilemur aeeclis",,,"Project to Atlas Lemur of Madagascar",,,"ANIMALIA;CHORDATA;VERTEBRATA;MAMMALIA;THERIA;EUTHERIA;PRIMATES;Strepsirrhini;Lemuriformes;;LEPILEMURIDAE;;Lepilemur","Animalia","Chordata","Mammalia","Primates","Lepilemuridae","Lepilemur",,"aeeclis",,"species",,"Andriaholinirina et al., 2006",,"ICZN",,,,,,,,,,
,"2013-09-03","en",,,,,,,,,"ONE",,"Lemur Atlas Checklist",,"Taxon",,,,,,,,,"54",,,,,,,,"Lepilemur ahmansonorum","Lepilemur ahmansonorum",,,"Project to Atlas Lemur of Madagascar",,,"ANIMALIA;CHORDATA;VERTEBRATA;MAMMALIA;THERIA;EUTHERIA;PRIMATES;Strepsirrhini;Lemuriformes;;LEPILEMURIDAE;;Lepilemur","Animalia","Chordata","Mammalia","Primates","Lepilemuridae","Lepilemur",,"ahmansonorum",,"species",,"Louis et al., 2006",,"ICZN",,,,,,,,,,
,"2013-09-03","en",,,,,,,,,"ONE",,"Lemur Atlas Checklist",,"Taxon",,,,,,,,,"55",,,,,,,,"Lepilemur randrianasoloi","Lepilemur randrianasoloi",,,"Project to Atlas Lemur of Madagascar",,,"ANIMALIA;CHORDATA;VERTEBRATA;MAMMALIA;THERIA;EUTHERIA;PRIMATES;Strepsirrhini;Lemuriformes;;LEPILEMURIDAE;;Lepilemur","Animalia","Chordata","Mammalia","Primates","Lepilemuridae","Lepilemur",,"randrianasoloi",,"species",,"Andriaholinirina et al., 2006",,"ICZN",,,,,,,,,,
,"2013-09-03","en",,,,,,,,,"ONE",,"Lemur Atlas Checklist",,"Taxon",,,,,,,,,"56",,,,,,,,"Lepilemur ruficaudatus","Lepilemur ruficaudatus",,,"Project to Atlas Lemur of Madagascar",,,"ANIMALIA;CHORDATA;VERTEBRATA;MAMMALIA;THERIA;EUTHERIA;PRIMATES;Strepsirrhini;Lemuriformes;;LEPILEMURIDAE;;Lepilemur","Animalia","Chordata","Mammalia","Primates","Lepilemuridae","Lepilemur",,"ruficaudatus",,"species",,"A. Grandidier, 1867",,"ICZN",,,,,,,,,,
,"2013-09-03","en",,,,,,,,,"ONE",,"Lemur Atlas Checklist",,"Taxon",,,,,,,,,"57",,,,,,,,"Lepilemur hubbardorum","Lepilemur hubbardorum",,,"Project to Atlas Lemur of Madagascar",,,"ANIMALIA;CHORDATA;VERTEBRATA;MAMMALIA;THERIA;EUTHERIA;PRIMATES;Strepsirrhini;Lemuriformes;;LEPILEMURIDAE;;Lepilemur","Animalia","Chordata","Mammalia","Primates","Lepilemuridae","Lepilemur",,"hubbardorum",,"species",,"Louis et al., 2006",,"ICZN",,,,,,,,,,
,"2013-09-03","en",,,,,,,,,"ONE",,"Lemur Atlas Checklist",,"Taxon",,,,,,,,,"58",,,,,,,,"Lepilemur petteri","Lepilemur petteri",,,"Project to Atlas Lemur of Madagascar",,,"ANIMALIA;CHORDATA;VERTEBRATA;MAMMALIA;THERIA;EUTHERIA;PRIMATES;Strepsirrhini;Lemuriformes;;LEPILEMURIDAE;;Lepilemur","Animalia","Chordata","Mammalia","Primates","Lepilemuridae","Lepilemur",,"petteri",,"species",,"Louis et al., 2006",,"ICZN",,,,,,,,,,
,"2013-09-03","en",,,,,,,,,"ONE",,"Lemur Atlas Checklist",,"Taxon",,,,,,,,,"59",,,,,,,,"Lepilemur leucopus","Lepilemur leucopus",,,"Project to Atlas Lemur of Madagascar",,,"ANIMALIA;CHORDATA;VERTEBRATA;MAMMALIA;THERIA;EUTHERIA;PRIMATES;Strepsirrhini;Lemuriformes;;LEPILEMURIDAE;;Lepilemur","Animalia","Chordata","Mammalia","Primates","Lepilemuridae","Lepilemur",,"leucopus",,"species",,"(Forsyth Major, 1894)",,"ICZN",,,,,,,,,,
,"2013-09-03","en",,,,,,,,,"ONE",,"Lemur Atlas Checklist",,"Taxon",,,,,,,,,"60",,,,,,,,"Hapalemur griseus griseus","Hapalemur griseus griseus",,,"Project to Atlas Lemur of Madagascar",,,"ANIMALIA;CHORDATA;VERTEBRATA;MAMMALIA;THERIA;EUTHERIA;PRIMATES;Strepsirrhini;Lemuriformes;;LEMURIDAE;;Hapalemur","Animalia","Chordata","Mammalia","Primates","Lemuridae","Hapalemur",,"griseus","griseus","subspecies",,"(Link, 1795)",,"ICZN",,,,,,,,,,
,"2013-09-03","en",,,,,,,,,"ONE",,"Lemur Atlas Checklist",,"Taxon",,,,,,,,,"61",,,,,,,,"Hapalemur griseus gilberti","Hapalemur griseus gilberti",,,"Project to Atlas Lemur of Madagascar",,,"ANIMALIA;CHORDATA;VERTEBRATA;MAMMALIA;THERIA;EUTHERIA;PRIMATES;Strepsirrhini;Lemuriformes;;LEMURIDAE;;Hapalemur","Animalia","Chordata","Mammalia","Primates","Lemuridae","Hapalemur",,"griseus","gilberti","subspecies",,"Rabarivola et al., 2007",,"ICZN",,,,,,,,,,
,"2013-09-03","en",,,,,,,,,"ONE",,"Lemur Atlas Checklist",,"Taxon",,,,,,,,,"62",,,,,,,,"Hapalemur griseus ranomafanensis","Hapalemur griseus ranomafanensis",,,"Project to Atlas Lemur of Madagascar",,,"ANIMALIA;CHORDATA;VERTEBRATA;MAMMALIA;THERIA;EUTHERIA;PRIMATES;Strepsirrhini;Lemuriformes;;LEMURIDAE;;Hapalemur","Animalia","Chordata","Mammalia","Primates","Lemuridae","Hapalemur",,"griseus","ranomafanensis","subspecies",,"Rabarivola et al., 2007",,"ICZN",,,,,,,,,,