Ta_Id,Id_Accepted,NomenclaturalCode,Kingdom,KingdomSource,Phylum,PhylumSource,SubPhylum,SubPhylumSource,Class,ClassSource,Subclass,SubclassSource,SuperOrder,SuperOrderSource,Order,OrderSource,Suborder,SuborderSource,InfraOrder,InfraOrderSource,SuperFamily,SuperfamilySource,Family,FamilySource,Subfamily,SubfamilySource,Genus,GenusSource,Subgenus,SubgenusSource,SpecificEpithet,SpecificEpithetSource,InfraspecificRank,InfraspecificEpithet,InfraspecificEpithetSource,AcceptedSpecies,VerbatimSpecies,VerbatimSpeciesSource,IsMarine,IsTerrestrial,Comments,ReviewedBy,ReviewDate,Notes,Status,ChangedBy,ChangeDate,Validation,ValidatedBy,ValidationDate,Stability
68,234,ICZN,ANIMALIA,VERTNET,CHORDATA,VERTNET,,,MAMMALIA,VERTNET,,,,,PRIMATES,VERTNET,,,,,,,CHEIROGALEIDAE,GRAY. 1873,,,Allocebus,Petter-Rousseaux and Petter. 1967 Hairy-eared dwarf lemur,,,trichotis,(Günther 1875),,,,Allocebus trichotis,Allocebus trichotis,,0,1,,Rodin Rasoloarison,,,,,8/8/2008,OK,Rodin Rasoloarison,10/3/2011,1
231,687,ICZN,ANIMALIA,http://en.wikipedia.org/wiki/Avahi_(genus),CHORDATA,http://en.wikipedia.org/wiki/Avahi_(genus),,,MAMMALIA,HTTP://EN.WIKIPEDIA.ORG/WIKI/AVAHI_(GENUS),,,,,PRIMATES,HTTP://EN.WIKIPEDIA.ORG/WIKI/AVAHI_(GENUS),,,,,,,INDRIIDAE,BURNETT. 1828,,,Avahi,Jourdan. 1834 Woolly lemurs or Avahis,,,betsileo,Andriantompohavana et al. 2007,,,,Avahi betsileo,Avahi betsileo,Andriantompohavana et al. 2007,0,1,,Rodin Rasoloarison,,,,,10/3/2011,OK,Rodin Rasoloarison,10/3/2011,1
232,688,ICZN,ANIMALIA,VERTNET,CHORDATA,VERTNET,,,MAMMALIA,VERTNET,,,,,PRIMATES,VERTNET,,,,,,,INDRIIDAE,BURNETT. 1828,,,Avahi,Jourdan. 1834 Woolly lemurs or Avahis,,,cleesei,Thalmann and Geissmann 2005,,,,Avahi cleesei,Avahi cleesei,,0,1,,Rodin Rasoloarison,,,,,8/8/2008,OK,Rodin Rasoloarison,10/3/2011,1
233,689,ICZN,ANIMALIA,VERTNET,CHORDATA,VERTNET,,,MAMMALIA,VERTNET,,,,,PRIMATES,VERTNET,,,,,,,INDRIIDAE,BURNETT. 1828,,,Avahi,Jourdan. 1834 Woolly lemurs or Avahis,,,laniger,(Gmelin 1788),,,,Avahi laniger,Avahi laniger,,0,1,,Rodin Rasoloarison,,,,,8/8/2008,OK,Rodin Rasoloarison,10/3/2011,1
234,690,ICZN,ANIMALIA,http://en.wikipedia.org/wiki/Avahi_(genus),CHORDATA,http://en.wikipedia.org/wiki/Avahi_(genus),,,MAMMALIA,HTTP://EN.WIKIPEDIA.ORG/WIKI/AVAHI_(GENUS),,,,,PRIMATES,HTTP://EN.WIKIPEDIA.ORG/WIKI/AVAHI_(GENUS),,,,,,,INDRIIDAE,BURNETT. 1828,,,Avahi,Jourdan. 1834 Woolly lemurs or Avahis,,,meridionalis,Zaramody et al. 2006,,,,Avahi meridionalis,Avahi meridionalis,Zaramody et al. 2006,0,1,,Rodin Rasoloarison,,,,,10/3/2011,OK,Rodin Rasoloarison,10/3/2011,1
235,691,ICZN,ANIMALIA,http://en.wikipedia.org/wiki/Avahi_(genus),CHORDATA,http://en.wikipedia.org/wiki/Avahi_(genus),,,MAMMALIA,HTTP://EN.WIKIPEDIA.ORG/WIKI/AVAHI_(GENUS),,,,,PRIMATES,HTTP://EN.WIKIPEDIA.ORG/WIKI/AVAHI_(GENUS),,,,,,,INDRIIDAE,BURNETT. 1828,,,Avahi,Jourdan. 1834 Woolly lemurs or Avahis,,,mooreorum,Lei et al. 2008,,,,Avahi mooreorum,Avahi mooreorum,Lei et al. 2008,0,1,,Rodin Rasoloarison,,,,,10/3/2011,OK,Rodin Rasoloarison,10/3/2011,1
236,692,ICZN,ANIMALIA,VERTNET,CHORDATA,VERTNET,,,MAMMALIA,VERTNET,,,,,PRIMATES,VERTNET,,,,,,,INDRIIDAE,BURNETT. 1828,,,Avahi,Jourdan. 1834 Woolly lemurs or Avahis,,,occidentalis,(Lorenz von Liburnau 1898),,,,Avahi occidentalis,Avahi occidentalis,,0,1,,Rodin Rasoloarison,,,,,8/8/2008,OK,Rodin Rasoloarison,10/3/2011,1
237,693,ICZN,ANIMALIA,http://en.wikipedia.org/wiki/Avahi_(genus),CHORDATA,http://en.wikipedia.org/wiki/Avahi_(genus),,,MAMMALIA,HTTP://EN.WIKIPEDIA.ORG/WIKI/AVAHI_(GENUS),,,,,PRIMATES,HTTP://EN.WIKIPEDIA.ORG/WIKI/AVAHI_(GENUS),,,,,,,INDRIIDAE,BURNETT. 1828,,,Avahi,Jourdan. 1834 Woolly lemurs or Avahis,,,peyrierasi,Zaramody et al. 2006,,,,Avahi peyrierasi,Avahi peyrierasi,Zaramody et al. 2006,0,1,,Rodin Rasoloarison,,,,,10/3/2011,OK,Rodin Rasoloarison,10/3/2011,1
238,694,ICZN,ANIMALIA,http://en.wikipedia.org/wiki/Avahi_(genus),CHORDATA,http://en.wikipedia.org/wiki/Avahi_(genus),,,MAMMALIA,HTTP://EN.WIKIPEDIA.ORG/WIKI/AVAHI_(GENUS),,,,,PRIMATES,HTTP://EN.WIKIPEDIA.ORG/WIKI/AVAHI_(GENUS),,,,,,,INDRIIDAE,BURNETT. 1828,,,Avahi,Jourdan. 1834 Woolly lemurs or Avahis,,,ramanantsoavanai,Zaramody et al. 2006,,,,Avahi ramanantsoavanai,Avahi ramanantsoavanai,Zaramody et al. 2006,0,1,,Rodin Rasoloarison,,,,,10/3/2011,OK,Rodin Rasoloarison,10/3/2011,1
239,695,ICZN,ANIMALIA,VERTNET,CHORDATA,VERTNET,,,MAMMALIA,VERTNET,,,,,PRIMATES,VERTNET,,,,,,,INDRIIDAE,BURNETT. 1828,,,Avahi,Jourdan. 1834 Woolly lemurs or Avahis,,,unicolor,Thalmann and Geissmann 2000,,,,Avahi unicolor,Avahi unicolor,,0,1,,Rodin Rasoloarison,,,,,8/8/2008,OK,Rodin Rasoloarison,10/3/2011,1
847,1707,ICZN,ANIMALIA,VERTNET,CHORDATA,VERTNET,,,MAMMALIA,VERTNET,,,,,PRIMATES,VERTNET,,,,,,,CHEIROGALEIDAE,GRAY. 1873,,,Cheirogaleus,E. Geoffroy. 1812 Dwarf lemurs,,,crossleyi,(A. Grandidier 1870),,,,Cheirogaleus crossleyi,Cheirogaleus crossleyi,,0,1,,Rodin Rasoloarison,,,,,8/8/2008,OK,Rodin Rasoloarison,10/3/2011,1
848,1708,ICZN,ANIMALIA,,CHORDATA,VERTNET,,,MAMMALIA,VERTNET,,,,,PRIMATES,VERTNET,,,,,,,CHEIROGALEIDAE,GRAY. 1873,,,Cheirogaleus,E. Geoffroy. 1812 Dwarf lemurs,,,major,E. Georffroy 1812,,,,Cheirogaleus major,Cheirogaleus major,,0,1,,Edward Louis,,Cheirogaleus major: le nom d'espece valide pour ce synonyme est Cheirogaleus ravus,Changed,Tom Allnutt,8/8/2008,OK,Edward Louis,6/13/2012,1
849,1708,ICZN,ANIMALIA,VERTNET,CHORDATA,VERTNET,,,MAMMALIA,VERTNET,,,,,PRIMATES,VERTNET,,,,,,,CHEIROGALEIDAE,GRAY. 1873,,,Cheirogaleus,VERTNET,,,major,REBIOMA,,,,Cheirogaleus major,Cheirogaleus ravus,,0,1,,Rodin Rasoloarison,10/3/2011,Taxonomic classification not valid anymore. Cf Lemurs of Madagascar Third Edition,Changed,Tom Allnutt,8/3/2008,OK,Edward Louis,6/13/2012,1
850,1709,ICZN,ANIMALIA,VERTNET,CHORDATA,VERTNET,,,MAMMALIA,VERTNET,,,,,PRIMATES,VERTNET,,,,,,,CHEIROGALEIDAE,GRAY. 1873,,,Cheirogaleus,VERTNET,,,medius,REBIOMA,,,,Cheirogaleus medius,Cheirogaleus adipicaudatus,,0,1,,Rodin Rasoloarison,10/3/2011,Taxonomic classification not valid anymore. Cf Lemurs of Madagascar Third Edition since 2009,Changed,Tom Allnutt,10/3/2011,OK,Edward Louis,6/13/2012,1
851,1709,ICZN,ANIMALIA,,CHORDATA,VERTNET,,,MAMMALIA,VERTNET,,,,,PRIMATES,VERTNET,,,,,,,CHEIROGALEIDAE,GRAY. 1873,,,Cheirogaleus,E. Geoffroy. 1812 Dwarf lemurs,,,medius,E. Georffroy 1812,,,,Cheirogaleus medius,Cheirogaleus medius,,0,1,,Edward Louis,,Cheirogaleus medius: le nom d'espece valide pour ce synonyme est Cheirogaleus adipicaudatus,Changed,Tom Allnutt,8/8/2008,OK,Edward Louis,6/13/2012,1
852,1710,ICZN,ANIMALIA,VERTNET,CHORDATA,VERTNET,,,MAMMALIA,VERTNET,,,,,PRIMATES,VERTNET,,,,,,,CHEIROGALEIDAE,GRAY. 1873,,,Cheirogaleus,E. Geoffroy. 1812 Dwarf lemurs,,,minusculus,Groves 2000,,,,Cheirogaleus minusculus,Cheirogaleus minusculus,,0,1,,Rodin Rasoloarison,,,,,8/8/2008,OK,Rodin Rasoloarison,10/3/2011,1
853,1711,ICZN,ANIMALIA,VERTNET,CHORDATA,VERTNET,,,MAMMALIA,VERTNET,,,,,PRIMATES,VERTNET,,,,,,,CHEIROGALEIDAE,GRAY. 1873,,,Cheirogaleus,E. Geoffroy. 1812 Dwarf lemurs,,,sibreei,(Forsyth Major 1896),,,,Cheirogaleus sibreei,Cheirogaleus sibreei,,0,1,,Rodin Rasoloarison,,,,,8/8/2008,OK,Rodin Rasoloarison,10/3/2011,1
1212,2298,ICZN,ANIMALIA,VERTNET,CHORDATA,VERTNET,,,MAMMALIA,VERTNET,,,,,PRIMATES,VERTNET,,,,,,,DAUBENTONIIDAE,GRAY. 1863,,,Daubentonia,E. Geoffroy. 1795 Aye-aye,,,madagascariensis,(Gmelin 1788),,,,Daubentonia madagascariensis,Daubentonia madagascariensis,,0,1,,Rodin Rasoloarison,,,,,8/8/2008,OK,Rodin Rasoloarison,10/3/2011,1
1305,2805,ICZN,ANIMALIA,VERTNET,CHORDATA,VERTNET,,,MAMMALIA,VERTNET,,,,,PRIMATES,VERTNET,,,,,,,LEMURIDAE,GRAY. 1821,,,Eulemur,Simons and Rumpler. 1988 True lemurs,,,albifrons,(E. Geoffroy 1796),,,,Eulemur albifrons,Eulemur albifrons,,0,1,,Rodin Rasoloarison,,,,,8/8/2008,OK,Rodin Rasoloarison,10/3/2011,1
1306,2805,ICZN,ANIMALIA,VERTNET,CHORDATA,VERTNET,,,MAMMALIA,VERTNET,,,,,PRIMATES,VERTNET,,VERTNET,,,,,LEMURIDAE,VERTNET,,,Eulemur,VERTNET,,,albifrons,REBIOMA,subsp.,albifrons,VERTNET,Eulemur albifrons,Eulemur fulvus albifrons,,0,1,,Rodin Rasoloarison,10/3/2011,,,Andry Rakotomanjaka,10/3/2011,OK,Rodin Rasoloarison,10/3/2011,1
1307,2806,ICZN,ANIMALIA,VERTNET,CHORDATA,VERTNET,,,MAMMALIA,VERTNET,,,,,PRIMATES,VERTNET,,VERTNET,,,,,LEMURIDAE,VERTNET,,,Eulemur,VERTNET,,,cinereiceps,(A. Grandidier and Milne-Edwards 1890),,,,Eulemur cinereiceps,Eulemur albocollaris,,0,1,,Rodin Rasoloarison,10/3/2011,,,Andry Rakotomanjaka,10/3/2011,OK,Rodin Rasoloarison,10/3/2011,1
1308,2806,ICZN,ANIMALIA,http://en.wikipedia.org/wiki/Eulemur,CHORDATA,http://en.wikipedia.org/wiki/Eulemur,,,MAMMALIA,HTTP://EN.WIKIPEDIA.ORG/WIKI/EULEMUR,,,,,PRIMATES,HTTP://EN.WIKIPEDIA.ORG/WIKI/EULEMUR,,,,,,,LEMURIDAE,GRAY. 1821,,,Eulemur,Simons and Rumpler. 1988 True lemurs,,,cinereiceps,(A. Grandidier and Milne-Edwards 1890),,,,Eulemur cinereiceps,Eulemur cinereiceps,(A. Grandidier and Milne-Edwards 1890),0,1,,Rodin Rasoloarison,,,,,10/3/2011,OK,Rodin Rasoloarison,10/3/2011,1
1309,2806,ICZN,ANIMALIA,http://en.wikipedia.org/wiki/Eulemur,CHORDATA,http://en.wikipedia.org/wiki/Eulemur,,,MAMMALIA,HTTP://EN.WIKIPEDIA.ORG/WIKI/EULEMUR,,,,,PRIMATES,HTTP://EN.WIKIPEDIA.ORG/WIKI/EULEMUR,,,,,,,LEMURIDAE,GRAY. 1821,,,Eulemur,Simons and Rumpler. 1988 True lemurs,,,cinereiceps,(A. Grandidier and Milne-Edwards 1890),,,,Eulemur cinereiceps,Eulemur fulvus albocolaris,,0,1,,Rodin Rasoloarison,,,,,10/3/2011,OK,Rodin Rasoloarison,10/3/2011,1
1310,2807,ICZN,ANIMALIA,VERTNET,CHORDATA,VERTNET,,,MAMMALIA,VERTNET,,,,,PRIMATES,VERTNET,,,,,,,LEMURIDAE,GRAY. 1821,,,Eulemur,Simons and Rumpler. 1988 True lemurs,,,collaris,(E. Geoffroy 1812),,,,Eulemur collaris,Eulemur collaris,,0,1,,Rodin Rasoloarison,,,,,8/8/2008,OK,Rodin Rasoloarison,10/3/2011,1
1311,2807,ICZN,ANIMALIA,VERTNET,CHORDATA,VERTNET,,,MAMMALIA,VERTNET,,,,,PRIMATES,VERTNET,,,,,,,LEMURIDAE,GRAY. 1821,,,Eulemur,Simons and Rumpler. 1988 True lemurs,,,collaris,(E. Geoffroy 1812),,,,Eulemur collaris,Eulemur fulvus collaris,,0,1,,Rodin Rasoloarison,,,,,8/8/2008,OK,Rodin Rasoloarison,10/3/2011,1
1312,2808,ICZN,ANIMALIA,VERTNET,CHORDATA,VERTNET,,,MAMMALIA,VERTNET,,,,,PRIMATES,VERTNET,,,,,,,LEMURIDAE,GRAY. 1821,,,Eulemur,Simons and Rumpler. 1988 True lemurs,,,coronatus,(Gray 1842),,,,Eulemur coronatus,Eulemur coronatus,,0,1,,Rodin Rasoloarison,,,,,8/8/2008,OK,Rodin Rasoloarison,10/3/2011,1
1313,2809,ICZN,ANIMALIA,http://en.wikipedia.org/wiki/Eulemur,CHORDATA,http://en.wikipedia.org/wiki/Eulemur,,,MAMMALIA,HTTP://EN.WIKIPEDIA.ORG/WIKI/EULEMUR,,,,,PRIMATES,HTTP://EN.WIKIPEDIA.ORG/WIKI/EULEMUR,,,,,,,LEMURIDAE,GRAY. 1821,,,Eulemur,Simons and Rumpler. 1988 True lemurs,,,flavifrons,(Gray 1867),,,,Eulemur flavifrons,Eulemur flavifrons,(Gray 1867),0,1,,Rodin Rasoloarison,,,,,10/3/2011,OK,Rodin Rasoloarison,10/3/2011,1
1314,2809,ICZN,ANIMALIA,http://en.wikipedia.org/wiki/Eulemur,CHORDATA,http://en.wikipedia.org/wiki/Eulemur,,,MAMMALIA,HTTP://EN.WIKIPEDIA.ORG/WIKI/EULEMUR,,,,,PRIMATES,HTTP://EN.WIKIPEDIA.ORG/WIKI/EULEMUR,,,,,,,LEMURIDAE,GRAY. 1821,,,Eulemur,Simons and Rumpler. 1988 True lemurs,,,flavifrons,(Gray 1867),,,,Eulemur flavifrons,Eulemur macaco flavifrons,,0,1,,Rodin Rasoloarison,,,,,10/3/2011,OK,Rodin Rasoloarison,10/3/2011,1
1315,2810,ICZN,ANIMALIA,VERTNET,CHORDATA,VERTNET,,,MAMMALIA,VERTNET,,,,,PRIMATES,VERTNET,,,,,,,LEMURIDAE,GRAY. 1821,,,Eulemur,Simons and Rumpler. 1988 True lemurs,,,fulvus,(E. Geoffroy 1796),,,,Eulemur fulvus,Eulemur fulvus,,0,1,,Rodin Rasoloarison,,,,,8/8/2008,OK,Rodin Rasoloarison,10/3/2011,1
1316,2810,ICZN,ANIMALIA,VERTNET,CHORDATA,VERTNET,,,MAMMALIA,VERTNET,,,,,PRIMATES,VERTNET,,,,,,,LEMURIDAE,GRAY. 1821,,,Eulemur,Simons and Rumpler. 1988 True lemurs,,,fulvus,(E. Geoffroy 1796),,,,Eulemur fulvus,Eulemur fulvus fulvus,,0,1,,Rodin Rasoloarison,,,,,8/8/2008,OK,Rodin Rasoloarison,10/3/2011,1
1317,2811,ICZN,ANIMALIA,VERTNET,CHORDATA,VERTNET,,,MAMMALIA,VERTNET,,,,,PRIMATES,VERTNET,,,,,,,LEMURIDAE,GRAY. 1821,,,Eulemur,Simons and Rumpler. 1988 True lemurs,,,macaco,(Linnaeus 1766),,,,Eulemur macaco,Eulemur macaco,,0,1,,Rodin Rasoloarison,,,,,8/8/2008,OK,Rodin Rasoloarison,10/3/2011,1
1318,2811,ICZN,ANIMALIA,VERTNET,CHORDATA,VERTNET,,,MAMMALIA,VERTNET,,,,,PRIMATES,VERTNET,,,,,,,LEMURIDAE,GRAY. 1821,,,Eulemur,Simons and Rumpler. 1988 True lemurs,,,macaco,(Linnaeus 1766),,,,Eulemur macaco,Eulemur macaco macaco,,0,1,,Rodin Rasoloarison,,,,,8/8/2008,OK,Rodin Rasoloarison,10/3/2011,1
1319,2812,ICZN,ANIMALIA,VERTNET,CHORDATA,VERTNET,,,MAMMALIA,VERTNET,,,,,PRIMATES,VERTNET,,,,,,,LEMURIDAE,GRAY. 1821,,,Eulemur,Simons and Rumpler. 1988 True lemurs,,,mongoz,(Linnaeus. 1766),,,,Eulemur mongoz,Eulemur mongoz,,0,1,,Rodin Rasoloarison,,,,,8/8/2008,OK,Rodin Rasoloarison,10/3/2011,1
1320,2813,ICZN,ANIMALIA,VERTNET,CHORDATA,VERTNET,,,MAMMALIA,VERTNET,,,,,PRIMATES,VERTNET,,,,,,,LEMURIDAE,GRAY. 1821,,,Eulemur,Simons and Rumpler. 1988 True lemurs,,,rubriventer,(I. Geoffroy 1850),,,,Eulemur rubriventer,Eulemur rubriventer,,0,1,,Rodin Rasoloarison,,,,,8/8/2008,OK,Rodin Rasoloarison,10/3/2011,1
1321,2814,ICZN,ANIMALIA,http://en.wikipedia.org/wiki/Eulemur,CHORDATA,http://en.wikipedia.org/wiki/Eulemur,,,MAMMALIA,HTTP://EN.WIKIPEDIA.ORG/WIKI/EULEMUR,,,,,PRIMATES,HTTP://EN.WIKIPEDIA.ORG/WIKI/EULEMUR,,,,,,,LEMURIDAE,GRAY. 1821,,,Eulemur,Simons and Rumpler. 1988 True lemurs,,,rufifrons,(Bennett 1833),,,,Eulemur rufifrons,Eulemur rufifrons,(Bennett 1833),0,1,,Rodin Rasoloarison,,,,,10/3/2011,OK,Rodin Rasoloarison,10/3/2011,1
1322,2815,ICZN,ANIMALIA,VERTNET,CHORDATA,VERTNET,,,MAMMALIA,VERTNET,,,,,PRIMATES,VERTNET,,,,,,,LEMURIDAE,GRAY. 1821,,,Eulemur,Simons and Rumpler. 1988 True lemurs,,,rufus,(Audebert 1799),,,,Eulemur rufus,Eulemur fulvus rufus,,0,1,,Rodin Rasoloarison,,,,,8/8/2008,OK,Rodin Rasoloarison,10/3/2011,1
1323,2815,ICZN,ANIMALIA,VERTNET,CHORDATA,VERTNET,,,MAMMALIA,VERTNET,,,,,PRIMATES,VERTNET,,,,,,,LEMURIDAE,GRAY. 1821,,,Eulemur,Simons and Rumpler. 1988 True lemurs,,,rufus,(Audebert 1799),,,,Eulemur rufus,Eulemur rufus,,0,1,,Rodin Rasoloarison,,,,,8/8/2008,OK,Rodin Rasoloarison,10/3/2011,1
1324,2816,ICZN,ANIMALIA,VERTNET,CHORDATA,VERTNET,,,MAMMALIA,VERTNET,,,,,PRIMATES,VERTNET,,,,,,,LEMURIDAE,GRAY. 1821,,,Eulemur,Simons and Rumpler. 1988 True lemurs,,,sanfordi,(Archbold 1932),,,,Eulemur sanfordi,Eulemur fulvus sanfordi,,0,1,,Rodin Rasoloarison,,,,,8/8/2008,OK,Rodin Rasoloarison,10/3/2011,1
1325,2816,ICZN,ANIMALIA,VERTNET,CHORDATA,VERTNET,,,MAMMALIA,VERTNET,,,,,PRIMATES,VERTNET,,,,,,,LEMURIDAE,GRAY. 1821,,,Eulemur,Simons and Rumpler. 1988 True lemurs,,,sanfordi,(Archbold 1932),,,,Eulemur sanfordi,Eulemur sanfordi,,0,1,,Rodin Rasoloarison,,,,,8/8/2008,OK,Rodin Rasoloarison,10/3/2011,1
1544,3308,ICZN,ANIMALIA,VERTNET,CHORDATA,VERTNET,,,MAMMALIA,VERTNET,,,,,PRIMATES,VERTNET,,HTTP://EN.WIKIPEDIA.ORG/WIKI/HAPALEMUR,,,,,LEMURIDAE,GRAY. 1821,,,Hapalemur,I. Geoffroy. 1851 Bamboo or gentle lemurs,,,alaotrensis,Rumpler 1975,,,,Hapalemur alaotrensis,Hapalemur alaotrensis,,0,1,,Rodin Rasoloarison,,,,,8/8/2008,OK,Rodin Rasoloarison,10/3/2011,1
1545,3309,ICZN,ANIMALIA,VERTNET,CHORDATA,VERTNET,,,MAMMALIA,VERTNET,,,,,PRIMATES,VERTNET,,HTTP://EN.WIKIPEDIA.ORG/WIKI/HAPALEMUR,,,,,LEMURIDAE,GRAY. 1821,,,Hapalemur,I. Geoffroy. 1851 Bamboo or gentle lemurs,,,aureus,Meier et al. 1987,,,,Hapalemur aureus,Hapalemur aureus,,0,1,,Rodin Rasoloarison,,,,,8/8/2008,OK,Rodin Rasoloarison,10/3/2011,1
1546,3310,ICZN,ANIMALIA,VERTNET,CHORDATA,VERTNET,,,MAMMALIA,VERTNET,,,,,PRIMATES,VERTNET,,VERTNET,,,,,LEMURIDAE,VERTNET,,,Hapalemur,VERTNET,,,griseus,REBIOMA,,,,Hapalemur griseus,Hapalemur griseus,,0,1,No model possible,Rodin Rasoloarison,10/3/2011,Taxonomic classification not valid anymore. Cf Lemurs of Madagascar Third Edition,unchanged,,8/8/2008,OK,Rodin Rasoloarison,10/3/2011,1
1547,3310,ICZN,ANIMALIA,http://en.wikipedia.org/wiki/Hapalemur,CHORDATA,http://en.wikipedia.org/wiki/Hapalemur,,,MAMMALIA,HTTP://EN.WIKIPEDIA.ORG/WIKI/HAPALEMUR,,,,,PRIMATES,HTTP://EN.WIKIPEDIA.ORG/WIKI/HAPALEMUR,STREPSIRRHINI,HTTP://EN.WIKIPEDIA.ORG/WIKI/HAPALEMUR,,,,,LEMURIDAE,GRAY. 1821,,,Hapalemur,I. Geoffroy. 1851 Bamboo or gentle lemurs,,,griseus,Rabarivola et al. 2007,Subspecies,gilberti,Lemurs of Madagascar,Hapalemur griseus,Hapalemur griseus gilberti,Rabarivola et al. 2007,0,1,,Rodin Rasoloarison,,,changed,Tom Allnutt,6/13/2012,OK,Ed Louis,6/13/2012,1
1548,3310,ICZN,ANIMALIA,http://en.wikipedia.org/wiki/Hapalemur,CHORDATA,http://en.wikipedia.org/wiki/Hapalemur,,,MAMMALIA,HTTP://EN.WIKIPEDIA.ORG/WIKI/HAPALEMUR,,,,,PRIMATES,HTTP://EN.WIKIPEDIA.ORG/WIKI/HAPALEMUR,STREPSIRRHINI,HTTP://EN.WIKIPEDIA.ORG/WIKI/HAPALEMUR,,,,,LEMURIDAE,GRAY. 1821,,,Hapalemur,I. Geoffroy. 1851 Bamboo or gentle lemurs,,,griseus,Link 1795,Subspecies,griseus,Lemurs of Madagascar,Hapalemur griseus,Hapalemur griseus griseus,Link 1795,0,1,,Rodin Rasoloarison,,,changed,Tom Allnutt,6/13/2012,OK,Ed Louis,6/13/2012,1
1549,3310,ICZN,ANIMALIA,http://en.wikipedia.org/wiki/Hapalemur,CHORDATA,http://en.wikipedia.org/wiki/Hapalemur,,,MAMMALIA,HTTP://EN.WIKIPEDIA.ORG/WIKI/HAPALEMUR,,,,,PRIMATES,HTTP://EN.WIKIPEDIA.ORG/WIKI/HAPALEMUR,STREPSIRRHINI,HTTP://EN.WIKIPEDIA.ORG/WIKI/HAPALEMUR,,,,,LEMURIDAE,GRAY. 1821,,,Hapalemur,I. Geoffroy. 1851 Bamboo or gentle lemurs,,,griseus,Rabarivola et al. 2007,Subspecies,ranomafanensis,Lemurs of Madagascar,Hapalemur griseus,Hapalemur griseus ranomafanensis,Rabarivola et al. 2007,0,1,,Rodin Rasoloarison,,,changed,Tom Allnutt,6/13/2012,OK,Ed Louis,6/13/2012,1
1550,3311,ICZN,ANIMALIA,VERTNET,CHORDATA,VERTNET,,,MAMMALIA,VERTNET,,,,,PRIMATES,VERTNET,,HTTP://EN.WIKIPEDIA.ORG/WIKI/HAPALEMUR,,,,,LEMURIDAE,GRAY. 1821,,,Hapalemur,I. Geoffroy. 1851 Bamboo or gentle lemurs,,,meridionalis,Water et al. 1987,,,,Hapalemur meridionalis,Hapalemur meridionalis,,0,1,,Rodin Rasoloarison,,,,,8/8/2008,OK,Rodin Rasoloarison,10/3/2011,1
1551,3312,ICZN,ANIMALIA,VERTNET,CHORDATA,VERTNET,,,MAMMALIA,VERTNET,,,,,PRIMATES,VERTNET,,HTTP://EN.WIKIPEDIA.ORG/WIKI/HAPALEMUR,,,,,LEMURIDAE,GRAY. 1821,,,Hapalemur,I. Geoffroy. 1851 Bamboo or gentle lemurs,,,occidentalis,Rumpler 1975,,,,Hapalemur occidentalis,Hapalemur occidentalis,,0,1,,Rodin Rasoloarison,,,,,8/8/2008,OK,Rodin Rasoloarison,10/3/2011,1
1814,3754,ICZN,ANIMALIA,VERTNET,CHORDATA,VERTNET,,,MAMMALIA,VERTNET,,,,,PRIMATES,VERTNET,,,,,,,INDRIIDAE,BURNETT. 1828,,,Indri,E. Geoffroy and G. Cuvier. 1796 Indri or Babakoto,,,indri,(Gmelin 1788),,,,Indri indri,Indri indri,,0,1,,Rodin Rasoloarison,,,,,8/8/2008,OK,Rodin Rasoloarison,10/3/2011,1
1878,3907,ICZN,ANIMALIA,VERTNET,CHORDATA,VERTNET,,,MAMMALIA,VERTNET,,,,,PRIMATES,VERTNET,,HTTP://EN.WIKIPEDIA.ORG/WIKI/LEMUR,,,,,LEMURIDAE,GRAY. 1821,,,Lemur,1758 Ring-tailed Lemur,,,catta,Linnaeus 1758,,,,Lemur catta,Lemur catta,,0,1,,Rodin Rasoloarison,,,,,8/8/2008,OK,Rodin Rasoloarison,10/3/2011,1
1892,3940,ICZN,ANIMALIA,http://en.wikipedia.org/wiki/Lepilemur,CHORDATA,http://en.wikipedia.org/wiki/Lepilemur,,,MAMMALIA,HTTP://EN.WIKIPEDIA.ORG/WIKI/LEPILEMUR,,,,,PRIMATES,HTTP://EN.WIKIPEDIA.ORG/WIKI/LEPILEMUR,STREPSIRRHINI,HTTP://EN.WIKIPEDIA.ORG/WIKI/LEPILEMUR,,,,,LEPILEMURIDAE,GRAY. 1870,,,Lepilemur,I. Geoffroy. 1851 Sportive lemurs,,,aeeclis,Andriaholinirina et al. 2006,,,,Lepilemur aeeclis,Lepilemur aeeclis,Andriaholinirina et al. 2006,0,1,,Rodin Rasoloarison,,,,,10/3/2011,OK,Rodin Rasoloarison,10/3/2011,1
1893,3941,ICZN,ANIMALIA,VERTNET,CHORDATA,VERTNET,,,MAMMALIA,VERTNET,,,,,PRIMATES,VERTNET,,VERTNET,,,,,LEPILEMURIDAE,GRAY. 1870,,,Lepilemur,VERTNET,,,ahmansonorum,Louis et al. 2006,,,,Lepilemur ahmansonorum,Lepilemur ahmansoni,,0,1,,Rodin Rasoloarison,,,,,8/8/2008,OK,Rodin Rasoloarison,10/3/2011,1
1894,3941,ICZN,ANIMALIA,http://en.wikipedia.org/wiki/Lepilemur,CHORDATA,http://en.wikipedia.org/wiki/Lepilemur,,,MAMMALIA,HTTP://EN.WIKIPEDIA.ORG/WIKI/LEPILEMUR,,,,,PRIMATES,HTTP://EN.WIKIPEDIA.ORG/WIKI/LEPILEMUR,STREPSIRRHINI,HTTP://EN.WIKIPEDIA.ORG/WIKI/LEPILEMUR,,,,,LEPILEMURIDAE,GRAY. 1870,,,Lepilemur,I. Geoffroy. 1851 Sportive lemurs,,,ahmansonorum,Louis et al. 2006,,,,Lepilemur ahmansonorum,Lepilemur ahmansonorum,Louis et al. 2006,0,1,,Rodin Rasoloarison,,,,,10/3/2011,OK,Rodin Rasoloarison,10/3/2011,1
1895,3942,ICZN,ANIMALIA,VERTNET,CHORDATA,VERTNET,,,MAMMALIA,VERTNET,,,,,PRIMATES,VERTNET,,HTTP://EN.WIKIPEDIA.ORG/WIKI/LEPILEMUR,,,,,LEPILEMURIDAE,GRAY. 1870,,,Lepilemur,I. Geoffroy. 1851 Sportive lemurs,,,ankaranensis,Rumper and Albignac 1975,,,,Lepilemur ankaranensis,Lepilemur ankaranensis,,0,1,,Rodin Rasoloarison,,,,,8/8/2008,OK,Rodin Rasoloarison,10/3/2011,1
1896,3943,ICZN,ANIMALIA,VERTNET,CHORDATA,VERTNET,,,MAMMALIA,VERTNET,,,,,PRIMATES,VERTNET,,HTTP://EN.WIKIPEDIA.ORG/WIKI/LEPILEMUR,,,,,LEPILEMURIDAE,GRAY. 1870,,,Lepilemur,I. Geoffroy. 1851 Sportive lemurs,,,betsileo,Louis et al. 2006,,,,Lepilemur betsileo,Lepilemur betsileo,,0,1,,Rodin Rasoloarison,,,,,8/8/2008,OK,Rodin Rasoloarison,10/3/2011,1
1897,3944,ICZN,ANIMALIA,VERTNET,CHORDATA,VERTNET,,,MAMMALIA,VERTNET,,,,,PRIMATES,VERTNET,,HTTP://EN.WIKIPEDIA.ORG/WIKI/LEPILEMUR,,,,,LEPILEMURIDAE,GRAY. 1870,,,Lepilemur,I. Geoffroy. 1851 Sportive lemurs,,,dorsalis,Gray 1871,,,,Lepilemur dorsalis,Lepilemur dorsalis,,0,1,,Rodin Rasoloarison,,,,,8/8/2008,OK,Rodin Rasoloarison,10/3/2011,1
1898,3945,ICZN,ANIMALIA,VERTNET,CHORDATA,VERTNET,,,MAMMALIA,VERTNET,,,,,PRIMATES,VERTNET,,HTTP://EN.WIKIPEDIA.ORG/WIKI/LEPILEMUR,,,,,LEPILEMURIDAE,GRAY. 1870,,,Lepilemur,I. Geoffroy. 1851 Sportive lemurs,,,edwardsi,(Forsyth Major 1894),,,,Lepilemur edwardsi,Lepilemur edwardsi,,0,1,,Rodin Rasoloarison,,,,,8/8/2008,OK,Rodin Rasoloarison,10/3/2011,1
1899,3946,ICZN,ANIMALIA,VERTNET,CHORDATA,VERTNET,,,MAMMALIA,VERTNET,,,,,PRIMATES,VERTNET,,HTTP://EN.WIKIPEDIA.ORG/WIKI/LEPILEMUR,,,,,LEPILEMURIDAE,GRAY. 1870,,,Lepilemur,I. Geoffroy. 1851 Sportive lemurs,,,fleuretae,Louis et al. 2006,,,,Lepilemur fleuretae,Lepilemur fleuretae,,0,1,,Rodin Rasoloarison,,,,,8/8/2008,OK,Rodin Rasoloarison,10/3/2011,1
1900,3947,ICZN,ANIMALIA,http://en.wikipedia.org/wiki/Lepilemur,CHORDATA,http://en.wikipedia.org/wiki/Lepilemur,,,MAMMALIA,HTTP://EN.WIKIPEDIA.ORG/WIKI/LEPILEMUR,,,,,PRIMATES,HTTP://EN.WIKIPEDIA.ORG/WIKI/LEPILEMUR,STREPSIRRHINI,HTTP://EN.WIKIPEDIA.ORG/WIKI/LEPILEMUR,,,,,LEPILEMURIDAE,GRAY. 1870,,,Lepilemur,I. Geoffroy. 1851 Sportive lemurs,,,grewcockorum,Louis et al. 2006,,,,Lepilemur grewcockorum,Lepilemur grewcockorum,Louis et al. 2006,0,1,,Rodin Rasoloarison,,,,,10/3/2011,OK,Rodin Rasoloarison,10/3/2011,1
1901,3947,ICZN,ANIMALIA,VERTNET,CHORDATA,VERTNET,,,MAMMALIA,VERTNET,,,,,PRIMATES,VERTNET,,VERTNET,,,,,LEPILEMURIDAE,GRAY. 1870,,,Lepilemur,VERTNET,,,grewcockorum,Louis et al. 2006,,,,Lepilemur grewcockorum,Lepilemur grwcocki,,0,1,,Rodin Rasoloarison,,,,,8/8/2008,OK,Rodin Rasoloarison,10/3/2011,1
1902,3948,ICZN,ANIMALIA,http://en.wikipedia.org/wiki/Lepilemur,CHORDATA,http://en.wikipedia.org/wiki/Lepilemur,,,MAMMALIA,HTTP://EN.WIKIPEDIA.ORG/WIKI/LEPILEMUR,,,,,PRIMATES,HTTP://EN.WIKIPEDIA.ORG/WIKI/LEPILEMUR,STREPSIRRHINI,HTTP://EN.WIKIPEDIA.ORG/WIKI/LEPILEMUR,,,,,LEPILEMURIDAE,GRAY. 1870,,,Lepilemur,I. Geoffroy. 1851 Sportive lemurs,,,hollandorum,Ramaromilanto et al. 2009,,,,Lepilemur hollandorum,Lepilemur hollandorum,Ramaromilanto et al. 2009,0,1,,Rodin Rasoloarison,,,,,10/3/2011,OK,Rodin Rasoloarison,10/3/2011,1
1903,3949,ICZN,ANIMALIA,VERTNET,CHORDATA,VERTNET,,,MAMMALIA,VERTNET,,,,,PRIMATES,VERTNET,,VERTNET,,,,,LEPILEMURIDAE,GRAY. 1870,,,Lepilemur,VERTNET,,,hubbardorum,Louis et al. 2006,,,,Lepilemur hubbardorum,Lepilemur hubbardi,,0,1,,Rodin Rasoloarison,,,,,8/8/2008,OK,Rodin Rasoloarison,10/3/2011,1
1904,3949,ICZN,ANIMALIA,http://en.wikipedia.org/wiki/Lepilemur,CHORDATA,http://en.wikipedia.org/wiki/Lepilemur,,,MAMMALIA,HTTP://EN.WIKIPEDIA.ORG/WIKI/LEPILEMUR,,,,,PRIMATES,HTTP://EN.WIKIPEDIA.ORG/WIKI/LEPILEMUR,STREPSIRRHINI,HTTP://EN.WIKIPEDIA.ORG/WIKI/LEPILEMUR,,,,,LEPILEMURIDAE,GRAY. 1870,,,Lepilemur,I. Geoffroy. 1851 Sportive lemurs,,,hubbardorum,Louis et al. 2006,,,,Lepilemur hubbardorum,Lepilemur hubbardorum,Louis et al. 2006,0,1,,Rodin Rasoloarison,,,,,10/3/2011,OK,Rodin Rasoloarison,10/3/2011,1
1905,3950,ICZN,ANIMALIA,VERTNET,CHORDATA,VERTNET,,,MAMMALIA,VERTNET,,,,,PRIMATES,VERTNET,,VERTNET,,,,,LEPILEMURIDAE,GRAY. 1870,,,Lepilemur,VERTNET,,,jamesorum,Louis et al. 2006,,,,Lepilemur jamesorum,Lepilemur jamesi,,0,1,,Rodin Rasoloarison,,,,,8/8/2008,OK,Rodin Rasoloarison,10/3/2011,1
1906,3950,ICZN,ANIMALIA,http://en.wikipedia.org/wiki/Lepilemur,CHORDATA,http://en.wikipedia.org/wiki/Lepilemur,,,MAMMALIA,HTTP://EN.WIKIPEDIA.ORG/WIKI/LEPILEMUR,,,,,PRIMATES,HTTP://EN.WIKIPEDIA.ORG/WIKI/LEPILEMUR,STREPSIRRHINI,HTTP://EN.WIKIPEDIA.ORG/WIKI/LEPILEMUR,,,,,LEPILEMURIDAE,GRAY. 1870,,,Lepilemur,I. Geoffroy. 1851 Sportive lemurs,,,jamesorum,Louis et al. 2006,,,,Lepilemur jamesorum,Lepilemur jamesorum,Louis et al. 2006,0,1,,Rodin Rasoloarison,,,,,10/3/2011,OK,Rodin Rasoloarison,10/3/2011,1
1907,3951,ICZN,ANIMALIA,VERTNET,CHORDATA,VERTNET,,,MAMMALIA,VERTNET,,,,,PRIMATES,VERTNET,,HTTP://EN.WIKIPEDIA.ORG/WIKI/LEPILEMUR,,,,,LEPILEMURIDAE,GRAY. 1870,,,Lepilemur,I. Geoffroy. 1851 Sportive lemurs,,,leucopus,(Forsyth Major 1894),,,,Lepilemur leucopus,Lepilemur leucopus,,0,1,,Rodin Rasoloarison,,,,,8/8/2008,OK,Rodin Rasoloarison,10/3/2011,1
1908,3952,ICZN,ANIMALIA,VERTNET,CHORDATA,VERTNET,,,MAMMALIA,VERTNET,,,,,PRIMATES,VERTNET,,HTTP://EN.WIKIPEDIA.ORG/WIKI/LEPILEMUR,,,,,LEPILEMURIDAE,GRAY. 1870,,,Lepilemur,I. Geoffroy. 1851 Sportive lemurs,,,microdon,(Forsyth Major 1894),,,,Lepilemur microdon,Lepilemur microdon,,0,1,,Rodin Rasoloarison,,,,,8/8/2008,OK,Rodin Rasoloarison,10/3/2011,1
1909,3953,ICZN,ANIMALIA,http://en.wikipedia.org/wiki/Lepilemur,CHORDATA,http://en.wikipedia.org/wiki/Lepilemur,,,MAMMALIA,HTTP://EN.WIKIPEDIA.ORG/WIKI/LEPILEMUR,,,,,PRIMATES,HTTP://EN.WIKIPEDIA.ORG/WIKI/LEPILEMUR,STREPSIRRHINI,HTTP://EN.WIKIPEDIA.ORG/WIKI/LEPILEMUR,,,,,LEPILEMURIDAE,GRAY. 1870,,,Lepilemur,I. Geoffroy. 1851 Sportive lemurs,,,milanoii,Louis et al. 2006,,,,Lepilemur milanoii,Lepilemur milanoii,Louis et al. 2006,0,1,,Rodin Rasoloarison,,,,,10/3/2011,OK,Rodin Rasoloarison,10/3/2011,1
1910,3953,ICZN,ANIMALIA,VERTNET,CHORDATA,VERTNET,,,MAMMALIA,VERTNET,,,,,PRIMATES,VERTNET,,VERTNET,,,,,LEPILEMURIDAE,GRAY. 1870,,,Lepilemur,VERTNET,,,milanoii,Louis et al. 2006,,,,Lepilemur milanoii,Lepilemur mulanoii,,0,1,,Rodin Rasoloarison,,,,,8/8/2008,OK,Rodin Rasoloarison,10/3/2011,1
1911,3954,ICZN,ANIMALIA,http://en.wikipedia.org/wiki/Lepilemur,CHORDATA,http://en.wikipedia.org/wiki/Lepilemur,,,MAMMALIA,HTTP://EN.WIKIPEDIA.ORG/WIKI/LEPILEMUR,,,,,PRIMATES,HTTP://EN.WIKIPEDIA.ORG/WIKI/LEPILEMUR,STREPSIRRHINI,HTTP://EN.WIKIPEDIA.ORG/WIKI/LEPILEMUR,,,,,LEPILEMURIDAE,GRAY. 1870,,,Lepilemur,I. Geoffroy. 1851 Sportive lemurs,,,mittermeieri,Rabarivola et al. 2006,,,,Lepilemur mittermeieri,Lepilemur mittermeieri,Rabarivola et al. 2006,0,1,,Rodin Rasoloarison,,,,,10/3/2011,OK,Rodin Rasoloarison,10/3/2011,1
1912,3955,ICZN,ANIMALIA,VERTNET,CHORDATA,VERTNET,,,MAMMALIA,VERTNET,,,,,PRIMATES,VERTNET,,HTTP://EN.WIKIPEDIA.ORG/WIKI/LEPILEMUR,,,,,LEPILEMURIDAE,GRAY. 1870,,,Lepilemur,I. Geoffroy. 1851 Sportive lemurs,,,mustelinus,I. Geoffroy 1851,,,,Lepilemur mustelinus,Lepilemur mustelinus,,0,1,,Rodin Rasoloarison,,,,,8/8/2008,OK,Rodin Rasoloarison,10/3/2011,1
1913,3956,ICZN,ANIMALIA,http://en.wikipedia.org/wiki/Lepilemur,CHORDATA,http://en.wikipedia.org/wiki/Lepilemur,,,MAMMALIA,HTTP://EN.WIKIPEDIA.ORG/WIKI/LEPILEMUR,,,,,PRIMATES,HTTP://EN.WIKIPEDIA.ORG/WIKI/LEPILEMUR,STREPSIRRHINI,HTTP://EN.WIKIPEDIA.ORG/WIKI/LEPILEMUR,,,,,LEPILEMURIDAE,GRAY. 1870,,,Lepilemur,I. Geoffroy. 1851 Sportive lemurs,,,otto,Craul et al. 2007,,,,Lepilemur otto,Lepilemur otto,Craul et al. 2007,0,1,,Rodin Rasoloarison,,,,,10/3/2011,OK,Rodin Rasoloarison,10/3/2011,1
1914,3957,ICZN,ANIMALIA,VERTNET,CHORDATA,VERTNET,,,MAMMALIA,VERTNET,,,,,PRIMATES,VERTNET,,HTTP://EN.WIKIPEDIA.ORG/WIKI/LEPILEMUR,,,,,LEPILEMURIDAE,GRAY. 1870,,,Lepilemur,I. Geoffroy. 1851 Sportive lemurs,,,petteri,Louis et al. 2006,,,,Lepilemur petteri,Lepilemur petteri,,0,1,,Rodin Rasoloarison,,,,,8/8/2008,OK,Rodin Rasoloarison,10/3/2011,1
1915,3958,ICZN,ANIMALIA,http://en.wikipedia.org/wiki/Lepilemur,CHORDATA,http://en.wikipedia.org/wiki/Lepilemur,,,MAMMALIA,HTTP://EN.WIKIPEDIA.ORG/WIKI/LEPILEMUR,,,,,PRIMATES,HTTP://EN.WIKIPEDIA.ORG/WIKI/LEPILEMUR,STREPSIRRHINI,HTTP://EN.WIKIPEDIA.ORG/WIKI/LEPILEMUR,,,,,LEPILEMURIDAE,GRAY. 1870,,,Lepilemur,I. Geoffroy. 1851 Sportive lemurs,,,randrianasoloi,Andriaholinirina et al. 2006,,,,Lepilemur randrianasoloi,Lepilemur randrianasoloi,Andriaholinirina et al. 2006,0,1,,Rodin Rasoloarison,,,,,10/3/2011,OK,Rodin Rasoloarison,10/3/2011,1
1916,3959,ICZN,ANIMALIA,VERTNET,CHORDATA,VERTNET,,,MAMMALIA,VERTNET,,,,,PRIMATES,VERTNET,,HTTP://EN.WIKIPEDIA.ORG/WIKI/LEPILEMUR,,,,,LEPILEMURIDAE,GRAY. 1870,,,Lepilemur,I. Geoffroy. 1851 Sportive lemurs,,,ruficaudatus,(A. Grandidier 1867),,,,Lepilemur ruficaudatus,Lepilemur ruficaudatus,,0,1,,Rodin Rasoloarison,,,,,8/8/2008,OK,Rodin Rasoloarison,10/3/2011,1
1917,3960,ICZN,ANIMALIA,http://en.wikipedia.org/wiki/Lepilemur,CHORDATA,http://en.wikipedia.org/wiki/Lepilemur,,,MAMMALIA,HTTP://EN.WIKIPEDIA.ORG/WIKI/LEPILEMUR,,,,,PRIMATES,HTTP://EN.WIKIPEDIA.ORG/WIKI/LEPILEMUR,STREPSIRRHINI,HTTP://EN.WIKIPEDIA.ORG/WIKI/LEPILEMUR,,,,,LEPILEMURIDAE,GRAY. 1870,,,Lepilemur,I. Geoffroy. 1851 Sportive lemurs,,,sahamalazensis,Andriaholinirina et al. 2006,,,,Lepilemur sahamalazensis,Lepilemur sahamalazensis,Andriaholinirina et al. 2006,0,1,,Rodin Rasoloarison,,,,,10/3/2011,OK,Rodin Rasoloarison,10/3/2011,1
1918,3961,ICZN,ANIMALIA,http://en.wikipedia.org/wiki/Lepilemur,CHORDATA,http://en.wikipedia.org/wiki/Lepilemur,,,MAMMALIA,HTTP://EN.WIKIPEDIA.ORG/WIKI/LEPILEMUR,,,,,PRIMATES,HTTP://EN.WIKIPEDIA.ORG/WIKI/LEPILEMUR,STREPSIRRHINI,HTTP://EN.WIKIPEDIA.ORG/WIKI/LEPILEMUR,,,,,LEPILEMURIDAE,GRAY. 1870,,,Lepilemur,I. Geoffroy. 1851 Sportive lemurs,,,scottorum,Lei et al. 2008,,,,Lepilemur scottorum,Lepilemur scottorum,Lei et al. 2008,0,1,,Rodin Rasoloarison,,,,,10/3/2011,OK,Rodin Rasoloarison,10/3/2011,1
1919,3962,ICZN,ANIMALIA,VERTNET,CHORDATA,VERTNET,,,MAMMALIA,VERTNET,,,,,PRIMATES,VERTNET,,HTTP://EN.WIKIPEDIA.ORG/WIKI/LEPILEMUR,,,,,LEPILEMURIDAE,GRAY. 1870,,,Lepilemur,I. Geoffroy. 1851 Sportive lemurs,,,seali,Louis et al. 2006,,,,Lepilemur seali,Lepilemur seali,,0,1,,Rodin Rasoloarison,,,,,8/8/2008,OK,Rodin Rasoloarison,10/3/2011,1
1920,3963,ICZN,ANIMALIA,VERTNET,CHORDATA,VERTNET,,,MAMMALIA,VERTNET,,,,,PRIMATES,VERTNET,,HTTP://EN.WIKIPEDIA.ORG/WIKI/LEPILEMUR,,,,,LEPILEMURIDAE,GRAY. 1870,,,Lepilemur,I. Geoffroy. 1851 Sportive lemurs,,,septentrionalis,Rumper and Albignac 1975,,,,Lepilemur septentrionalis,Lepilemur septentrionalis,,0,1,,Rodin Rasoloarison,,,,,8/8/2008,OK,Rodin Rasoloarison,10/3/2011,1
1921,3964,ICZN,ANIMALIA,VERTNET,CHORDATA,VERTNET,,,MAMMALIA,VERTNET,,,,,PRIMATES,VERTNET,,VERTNET,,,,,LEPILEMURIDAE,GRAY. 1870,,,Lepilemur,VERTNET,,,tymerlachsonorum,Louis et al. 2006,,,,Lepilemur tymerlachsonorum,Lepilemur tymerlachsoni,,0,1,,Rodin Rasoloarison,,,,,8/8/2008,OK,Rodin Rasoloarison,10/3/2011,1
1922,3964,ICZN,ANIMALIA,http://en.wikipedia.org/wiki/Lepilemur,CHORDATA,http://en.wikipedia.org/wiki/Lepilemur,,,MAMMALIA,HTTP://EN.WIKIPEDIA.ORG/WIKI/LEPILEMUR,,,,,PRIMATES,HTTP://EN.WIKIPEDIA.ORG/WIKI/LEPILEMUR,STREPSIRRHINI,HTTP://EN.WIKIPEDIA.ORG/WIKI/LEPILEMUR,,,,,LEPILEMURIDAE,GRAY. 1870,,,Lepilemur,I. Geoffroy. 1851 Sportive lemurs,,,tymerlachsonorum,Louis et al. 2006,,,,Lepilemur tymerlachsonorum,Lepilemur tymerlachsonorum,Louis et al. 2006,0,1,,Rodin Rasoloarison,,,,,10/3/2011,OK,Rodin Rasoloarison,10/3/2011,1
1923,3965,ICZN,ANIMALIA,http://en.wikipedia.org/wiki/Lepilemur,CHORDATA,http://en.wikipedia.org/wiki/Lepilemur,,,MAMMALIA,HTTP://EN.WIKIPEDIA.ORG/WIKI/LEPILEMUR,,,,,PRIMATES,HTTP://EN.WIKIPEDIA.ORG/WIKI/LEPILEMUR,STREPSIRRHINI,HTTP://EN.WIKIPEDIA.ORG/WIKI/LEPILEMUR,,,,,LEPILEMURIDAE,GRAY. 1870,,,Lepilemur,I. Geoffroy. 1851 Sportive lemurs,,,wrightae,Louis et al. 2006,,,,Lepilemur wrightae,Lepilemur wrightae,Louis et al. 2006,0,1,,Rodin Rasoloarison,,,,,10/3/2011,OK,Rodin Rasoloarison,10/3/2011,1
1924,3965,ICZN,ANIMALIA,VERTNET,CHORDATA,VERTNET,,,MAMMALIA,VERTNET,,,,,PRIMATES,VERTNET,,VERTNET,,,,,LEPILEMURIDAE,GRAY. 1870,,,Lepilemur,VERTNET,,,wrightae,Louis et al. 2006,,,,Lepilemur wrightae,Lepilemur wrighti,,0,1,,Rodin Rasoloarison,,,,,8/8/2008,OK,Rodin Rasoloarison,10/3/2011,1
2048,4449,ICZN,ANIMALIA,http://en.wikipedia.org/wiki/Microcebus,CHORDATA,http://en.wikipedia.org/wiki/Microcebus,,,MAMMALIA,HTTP://EN.WIKIPEDIA.ORG/WIKI/MICROCEBUS,,,,,PRIMATES,HTTP://EN.WIKIPEDIA.ORG/WIKI/MICROCEBUS,STREPSIRRHINI,HTTP://EN.WIKIPEDIA.ORG/WIKI/MICROCEBUS,,,,,CHEIROGALEIDAE,GRAY. 1873,,,Microcebus,E. Geoffroy. 1828 Mouse lemurs,,,arnholdi,Louis et al. 2008,,,,Microcebus arnholdi,Microcebus arnholdi,Louis et al. 2008,0,1,,Rodin Rasoloarison,,,,,10/3/2011,OK,Rodin Rasoloarison,10/3/2011,1
2049,4450,ICZN,ANIMALIA,VERTNET,CHORDATA,VERTNET,,,MAMMALIA,VERTNET,,,,,PRIMATES,VERTNET,,HTTP://EN.WIKIPEDIA.ORG/WIKI/MICROCEBUS,,,,,CHEIROGALEIDAE,GRAY. 1873,,,Microcebus,E. Geoffroy. 1828 Mouse lemurs,,,berthae,Rasoloarison et al. 2000,,,,Microcebus berthae,Microcebus berthae,,0,1,,Rodin Rasoloarison,,,,,8/8/2008,OK,Rodin Rasoloarison,10/3/2011,1
2050,4451,ICZN,ANIMALIA,http://en.wikipedia.org/wiki/Microcebus,CHORDATA,http://en.wikipedia.org/wiki/Microcebus,,,MAMMALIA,HTTP://EN.WIKIPEDIA.ORG/WIKI/MICROCEBUS,,,,,PRIMATES,HTTP://EN.WIKIPEDIA.ORG/WIKI/MICROCEBUS,STREPSIRRHINI,HTTP://EN.WIKIPEDIA.ORG/WIKI/MICROCEBUS,,,,,CHEIROGALEIDAE,GRAY. 1873,,,Microcebus,E. Geoffroy. 1828 Mouse lemurs,,,bongolavensis,Olivieri et al. 2007,,,,Microcebus bongolavensis,Microcebus bongolavensis,Olivieri et al. 2007,0,1,,Rodin Rasoloarison,,,,,10/3/2011,OK,Rodin Rasoloarison,10/3/2011,1
2051,4452,ICZN,ANIMALIA,http://en.wikipedia.org/wiki/Microcebus,CHORDATA,http://en.wikipedia.org/wiki/Microcebus,,,MAMMALIA,HTTP://EN.WIKIPEDIA.ORG/WIKI/MICROCEBUS,,,,,PRIMATES,HTTP://EN.WIKIPEDIA.ORG/WIKI/MICROCEBUS,STREPSIRRHINI,HTTP://EN.WIKIPEDIA.ORG/WIKI/MICROCEBUS,,,,,CHEIROGALEIDAE,GRAY. 1873,,,Microcebus,E. Geoffroy. 1828 Mouse lemurs,,,danfossi,Olivieri et al. 2007,,,,Microcebus danfossi,Microcebus danfossi,Olivieri et al. 2007,0,1,,Rodin Rasoloarison,,,,,10/3/2011,OK,Rodin Rasoloarison,10/3/2011,1
2052,4453,ICZN,ANIMALIA,,CHORDATA,,,,MAMMALIA,,,,,,PRIMATES,,,,,,,,CHEIROGALEIDAE,,,,Microcebus,,,,gerpi,Radespiel et al.: 2012,,,,Microcebus gerpi,Microcebus gerpi,Radespiel et al.: 2012,0,1,,,,News species of Mouse lemur discovered in 2012 by GERP team,new,Tsiky Rabetrano,2/7/2012,OK,Rebioma,5/18/2012,1
2053,4454,ICZN,ANIMALIA,VERTNET,CHORDATA,VERTNET,,,MAMMALIA,VERTNET,,,,,PRIMATES,VERTNET,,HTTP://EN.WIKIPEDIA.ORG/WIKI/MICROCEBUS,,,,,CHEIROGALEIDAE,GRAY. 1873,,,Microcebus,E. Geoffroy. 1828 Mouse lemurs,,,griseorufus,Kollman 1910,,,,Microcebus griseorufus,Microcebus griseorufus,,0,1,,Rodin Rasoloarison,,,,,8/8/2008,OK,Rodin Rasoloarison,10/3/2011,1
2054,4455,ICZN,ANIMALIA,http://en.wikipedia.org/wiki/Microcebus,CHORDATA,http://en.wikipedia.org/wiki/Microcebus,,,MAMMALIA,HTTP://EN.WIKIPEDIA.ORG/WIKI/MICROCEBUS,,,,,PRIMATES,HTTP://EN.WIKIPEDIA.ORG/WIKI/MICROCEBUS,STREPSIRRHINI,HTTP://EN.WIKIPEDIA.ORG/WIKI/MICROCEBUS,,,,,CHEIROGALEIDAE,GRAY. 1873,,,Microcebus,E. Geoffroy. 1828 Mouse lemurs,,,jollyae,Louis et al. 2006,,,,Microcebus jollyae,Microcebus jollyae,Louis et al. 2006,0,1,,Rodin Rasoloarison,,,,,10/3/2011,OK,Rodin Rasoloarison,10/3/2011,1
2055,4456,ICZN,ANIMALIA,VERTNET,CHORDATA,VERTNET,,,MAMMALIA,VERTNET,,,,,PRIMATES,VERTNET,,HTTP://EN.WIKIPEDIA.ORG/WIKI/MICROCEBUS,,,,,CHEIROGALEIDAE,GRAY. 1873,,,Microcebus,E. Geoffroy. 1828 Mouse lemurs,,,lehilahytsara,Roos and Kappeler 2005 in Kappeler et al.,,,,Microcebus lehilahytsara,Microcebus lehilahytsara,,0,1,,Rodin Rasoloarison,,,,,8/8/2008,OK,Rodin Rasoloarison,10/3/2011,1
2056,4457,ICZN,ANIMALIA,http://en.wikipedia.org/wiki/Microcebus,CHORDATA,http://en.wikipedia.org/wiki/Microcebus,,,MAMMALIA,HTTP://EN.WIKIPEDIA.ORG/WIKI/MICROCEBUS,,,,,PRIMATES,HTTP://EN.WIKIPEDIA.ORG/WIKI/MICROCEBUS,STREPSIRRHINI,HTTP://EN.WIKIPEDIA.ORG/WIKI/MICROCEBUS,,,,,CHEIROGALEIDAE,GRAY. 1873,,,Microcebus,E. Geoffroy. 1828 Mouse lemurs,,,macarthurii,Radespiel et al. 2008,,,,Microcebus macarthurii,Microcebus macarthurii,Radespiel et al. 2008,0,1,,Rodin Rasoloarison,,,,,10/3/2011,OK,Rodin Rasoloarison,10/3/2011,1
2057,4458,ICZN,ANIMALIA,VERTNET,CHORDATA,VERTNET,,,MAMMALIA,VERTNET,,,,,PRIMATES,VERTNET,,HTTP://EN.WIKIPEDIA.ORG/WIKI/MICROCEBUS,,,,,CHEIROGALEIDAE,GRAY. 1873,,,Microcebus,E. Geoffroy. 1828 Mouse lemurs,,,mamiratra,Andriantompohavana et al. 2006,,,,Microcebus mamiratra,Microcebus lokobensis,,0,1,,Rodin Rasoloarison,,synonym,,,8/8/2008,OK,Rodin Rasoloarison,10/3/2011,1
2058,4458,ICZN,ANIMALIA,VERTNET,CHORDATA,VERTNET,,,MAMMALIA,VERTNET,,,,,PRIMATES,VERTNET,,HTTP://EN.WIKIPEDIA.ORG/WIKI/MICROCEBUS,,,,,CHEIROGALEIDAE,GRAY. 1873,,,Microcebus,E. Geoffroy. 1828 Mouse lemurs,,,mamiratra,Andriantompohavana et al. 2006,,,,Microcebus mamiratra,Microcebus mamiratra,,0,1,,Rodin Rasoloarison,,,,,8/8/2008,OK,Rodin Rasoloarison,10/3/2011,1
2059,4459,ICZN,ANIMALIA,http://en.wikipedia.org/wiki/Microcebus,CHORDATA,http://en.wikipedia.org/wiki/Microcebus,,,MAMMALIA,HTTP://EN.WIKIPEDIA.ORG/WIKI/MICROCEBUS,,,,,PRIMATES,HTTP://EN.WIKIPEDIA.ORG/WIKI/MICROCEBUS,STREPSIRRHINI,HTTP://EN.WIKIPEDIA.ORG/WIKI/MICROCEBUS,,,,,CHEIROGALEIDAE,GRAY. 1873,,,Microcebus,E. Geoffroy. 1828 Mouse lemurs,,,margotmarshae,Louis et al. 2008,,,,Microcebus margotmarshae,Microcebus margotmarshae,Louis et al. 2008,0,1,,Rodin Rasoloarison,,,,,10/3/2011,OK,Rodin Rasoloarison,10/3/2011,1
2060,4460,ICZN,ANIMALIA,VERTNET,CHORDATA,VERTNET,,,MAMMALIA,VERTNET,,,,,PRIMATES,VERTNET,,HTTP://EN.WIKIPEDIA.ORG/WIKI/MICROCEBUS,,,,,CHEIROGALEIDAE,GRAY. 1873,,,Microcebus,E. Geoffroy. 1828 Mouse lemurs,,,mittermeieri,Louis et al. 2006,,,,Microcebus mittermeieri,Microcebus mittermeieri,,0,1,,Rodin Rasoloarison,,,,,8/8/2008,OK,Rodin Rasoloarison,10/3/2011,1
2061,4461,ICZN,ANIMALIA,VERTNET,CHORDATA,VERTNET,,,MAMMALIA,VERTNET,,,,,PRIMATES,VERTNET,,HTTP://EN.WIKIPEDIA.ORG/WIKI/MICROCEBUS,,,,,CHEIROGALEIDAE,GRAY. 1873,,,Microcebus,E. Geoffroy. 1828 Mouse lemurs,,,murinus,(J.F. Miller 1777),,,,Microcebus murinus,Microcebus murinus,,0,1,,Rodin Rasoloarison,,,,,8/8/2008,OK,Rodin Rasoloarison,10/3/2011,1
2062,4462,ICZN,ANIMALIA,VERTNET,CHORDATA,VERTNET,,,MAMMALIA,VERTNET,,,,,PRIMATES,VERTNET,,HTTP://EN.WIKIPEDIA.ORG/WIKI/MICROCEBUS,,,,,CHEIROGALEIDAE,GRAY. 1873,,,Microcebus,E. Geoffroy. 1828 Mouse lemurs,,,myoxinus,Peters 1852,,,,Microcebus myoxinus,Microcebus myoxinus,,0,1,,Rodin Rasoloarison,,,,,8/8/2008,OK,Rodin Rasoloarison,10/3/2011,1
2063,4463,ICZN,ANIMALIA,VERTNET,CHORDATA,VERTNET,,,MAMMALIA,VERTNET,,,,,PRIMATES,VERTNET,,HTTP://EN.WIKIPEDIA.ORG/WIKI/MICROCEBUS,,,,,CHEIROGALEIDAE,GRAY. 1873,,,Microcebus,E. Geoffroy. 1828 Mouse lemurs,,,ravelobensis,Zimmermann et al. 1997,,,,Microcebus ravelobensis,Microcebus ravelobensis,,0,1,,Rodin Rasoloarison,,,,,8/8/2008,OK,Rodin Rasoloarison,10/3/2011,1
2064,4464,ICZN,ANIMALIA,VERTNET,CHORDATA,VERTNET,,,MAMMALIA,VERTNET,,,,,PRIMATES,VERTNET,,HTTP://EN.WIKIPEDIA.ORG/WIKI/MICROCEBUS,,,,,CHEIROGALEIDAE,GRAY. 1873,,,Microcebus,E. Geoffroy. 1828 Mouse lemurs,,,rufus,(Lesson 1840),,,,Microcebus rufus,Microcebus rufus,,0,1,,Rodin Rasoloarison,,,,,8/8/2008,OK,Rodin Rasoloarison,10/3/2011,1
2065,4465,ICZN,ANIMALIA,VERTNET,CHORDATA,VERTNET,,,MAMMALIA,VERTNET,,,,,PRIMATES,VERTNET,,HTTP://EN.WIKIPEDIA.ORG/WIKI/MICROCEBUS,,,,,CHEIROGALEIDAE,GRAY. 1873,,,Microcebus,E. Geoffroy. 1828 Mouse lemurs,,,sambiranensis,Rasoloarison et al. 2000,,,,Microcebus sambiranensis,Microcebus sambiranensis,,0,1,,Rodin Rasoloarison,,,,,8/8/2008,OK,Rodin Rasoloarison,10/3/2011,1
2066,4466,ICZN,ANIMALIA,VERTNET,CHORDATA,VERTNET,,,MAMMALIA,VERTNET,,,,,PRIMATES,VERTNET,,HTTP://EN.WIKIPEDIA.ORG/WIKI/MICROCEBUS,,,,,CHEIROGALEIDAE,GRAY. 1873,,,Microcebus,E. Geoffroy. 1828 Mouse lemurs,,,simmonsi,Louis et al. 2006,,,,Microcebus simmonsi,Microcebus simmonsi,,0,1,,Rodin Rasoloarison,,,,,8/8/2008,OK,Rodin Rasoloarison,10/3/2011,1
2067,4467,ICZN,ANIMALIA,VERTNET,CHORDATA,VERTNET,,,MAMMALIA,VERTNET,,,,,PRIMATES,VERTNET,,HTTP://EN.WIKIPEDIA.ORG/WIKI/MICROCEBUS,,,,,CHEIROGALEIDAE,GRAY. 1873,,,Microcebus,E. Geoffroy. 1828 Mouse lemurs,,,tavaratra,Rasoloarison et al. 2000,,,,Microcebus tavaratra,Microcebus tavaratra,,0,1,,Rodin Rasoloarison,,,,,8/8/2008,OK,Rodin Rasoloarison,10/3/2011,1
2127,4523,ICZN,ANIMALIA,VERTNET,CHORDATA,VERTNET,,,MAMMALIA,VERTNET,,,,,PRIMATES,VERTNET,,,,,,,CHEIROGALEIDAE,GRAY. 1873,,,Mirza,Gray. 1870 Giant mouse lemurs,,,coquereli,(A. Grandidier 1867),,,,Mirza coquereli,Mirza coquereli,,0,1,,Rodin Rasoloarison,,,,,8/8/2008,OK,Rodin Rasoloarison,10/3/2011,1
2128,4524,ICZN,ANIMALIA,VERTNET,CHORDATA,VERTNET,,,MAMMALIA,VERTNET,,,,,PRIMATES,VERTNET,,,,,,,CHEIROGALEIDAE,GRAY. 1873,,,Mirza,Gray. 1870 Giant mouse lemurs,,,zaza,Kappeler and Roos 2005 in Kappeler et al.,,,,Mirza zaza,Mirza zaza,,0,1,,Rodin Rasoloarison,,,,,8/8/2008,OK,Rodin Rasoloarison,10/3/2011,1
2830,5584,ICZN,ANIMALIA,VERTNET,CHORDATA,VERTNET,,,MAMMALIA,VERTNET,,,,,PRIMATES,VERTNET,,HTTP://EN.WIKIPEDIA.ORG/WIKI/PHANER,,,,,CHEIROGALEIDAE,GRAY. 1873,,,Phaner,Gray. 1871 Fork-marked lemurs,,,electromontis,Groves and Tattersall 1991,,,,Phaner electromontis,Phaner electromontis,,0,1,,Rodin Rasoloarison,,,,,8/8/2008,OK,Rodin Rasoloarison,10/3/2011,1
2831,5585,ICZN,ANIMALIA,VERTNET,CHORDATA,VERTNET,,,MAMMALIA,VERTNET,,,,,PRIMATES,VERTNET,,HTTP://EN.WIKIPEDIA.ORG/WIKI/PHANER,,,,,CHEIROGALEIDAE,GRAY. 1873,,,Phaner,Gray. 1871 Fork-marked lemurs,,,furcifer,(de Blainville 1839),,,,Phaner furcifer,Phaner furcifer,,0,1,,Rodin Rasoloarison,,,,,8/8/2008,OK,Rodin Rasoloarison,10/3/2011,1
2832,5586,ICZN,ANIMALIA,VERTNET,CHORDATA,VERTNET,,,MAMMALIA,VERTNET,,,,,PRIMATES,VERTNET,,HTTP://EN.WIKIPEDIA.ORG/WIKI/PHANER,,,,,CHEIROGALEIDAE,GRAY. 1873,,,Phaner,Gray. 1871 Fork-marked lemurs,,,pallescens,Groves and Tattersall 1991,,,,Phaner pallescens,Phaner pallescens,,0,1,,Rodin Rasoloarison,,,,,8/8/2008,OK,Rodin Rasoloarison,10/3/2011,1
2833,5587,ICZN,ANIMALIA,VERTNET,CHORDATA,VERTNET,,,MAMMALIA,VERTNET,,,,,PRIMATES,VERTNET,,HTTP://EN.WIKIPEDIA.ORG/WIKI/PHANER,,,,,CHEIROGALEIDAE,GRAY. 1873,,,Phaner,Gray. 1871 Fork-marked lemurs,,,parienti,Groves and Tattersall 1991,,,,Phaner parienti,Phaner parienti,,0,1,,Rodin Rasoloarison,,,,,8/8/2008,OK,Rodin Rasoloarison,10/3/2011,1
3132,6209,ICZN,ANIMALIA,VERTNET,CHORDATA,VERTNET,,,MAMMALIA,VERTNET,,,,,PRIMATES,VERTNET,,,,,,,LEMURIDAE,GRAY. 1821,,,Prolemur,(Gray. 1871) greater bamboo lemur,,,simus,(Gray 1871),,,,Prolemur simus,Prolemur simus,,0,1,,Rodin Rasoloarison,,,,,8/8/2008,OK,Rodin Rasoloarison,10/3/2011,1
3133,6211,ICZN,ANIMALIA,VERTNET,CHORDATA,VERTNET,,,MAMMALIA,VERTNET,,,,,PRIMATES,VERTNET,,,,,,,INDRIIDAE,BURNETT. 1828,,,Propithecus,Bennett. 1832 Sifakas,,,candidus,A. Grandidier 1871,,,,Propithecus candidus,Propithecus candidus,,0,1,,Rodin Rasoloarison,,,,,8/8/2008,OK,Rodin Rasoloarison,10/3/2011,1
3134,6212,ICZN,ANIMALIA,VERTNET,CHORDATA,VERTNET,,,MAMMALIA,VERTNET,,,,,PRIMATES,VERTNET,,,,,,,INDRIIDAE,BURNETT. 1828,,,Propithecus,Bennett. 1832 Sifakas,,,coquereli,A. Grandidier 1867,,,,Propithecus coquereli,Propithecus coquereli,,0,1,,Rodin Rasoloarison,,,,,8/8/2008,OK,Rodin Rasoloarison,10/3/2011,1
3135,6213,ICZN,ANIMALIA,VERTNET,CHORDATA,VERTNET,,,MAMMALIA,VERTNET,,,,,PRIMATES,VERTNET,,,,,,,INDRIIDAE,BURNETT. 1828,,,Propithecus,Bennett. 1832 Sifakas,,,coronatus,Milne-Edwards 1871,,,,Propithecus coronatus,Propithecus coronatus,,0,1,,Rodin Rasoloarison,,,,,8/8/2008,OK,Rodin Rasoloarison,10/3/2011,1
3136,6214,ICZN,ANIMALIA,VERTNET,CHORDATA,VERTNET,,,MAMMALIA,VERTNET,,,,,PRIMATES,VERTNET,,,,,,,INDRIIDAE,BURNETT. 1828,,,Propithecus,Bennett. 1832 Sifakas,,,deckenii,Peters 1870,,,,Propithecus deckenii,Propithecus deckenii,,0,1,,Rodin Rasoloarison,,,,,8/8/2008,OK,Rodin Rasoloarison,10/3/2011,1
3137,6215,ICZN,ANIMALIA,VERTNET,CHORDATA,VERTNET,,,MAMMALIA,VERTNET,,,,,PRIMATES,VERTNET,,,,,,,INDRIIDAE,BURNETT. 1828,,,Propithecus,Bennett. 1832 Sifakas,,,diadema,Bennett 1832,,,,Propithecus diadema,Propithecus diadema,,0,1,,Rodin Rasoloarison,,,,,8/8/2008,OK,Rodin Rasoloarison,10/3/2011,1
3138,6215,ICZN,ANIMALIA,,CHORDATA,,,,MAMMALIA,,,,,,PRIMATES,,,,,,,,INDRIIDAE,,,,Propithecus,,,,diadema,,,,,Propithecus diadema,Propithecus diadema diadema,,0,1,,,,,new,Tsiky Rabetrano,2/7/2012,OK,Rebioma,5/18/2012,1
3139,6216,ICZN,ANIMALIA,VERTNET,CHORDATA,VERTNET,,,MAMMALIA,VERTNET,,,,,PRIMATES,VERTNET,,,,,,,INDRIIDAE,BURNETT. 1828,,,Propithecus,Bennett. 1832 Sifakas,,,edwardsi,A. Grandidier 1871,,,,Propithecus edwardsi,Propithecus edwardsi,,0,1,,Rodin Rasoloarison,,,,,8/8/2008,OK,Rodin Rasoloarison,10/3/2011,1
3140,6217,ICZN,ANIMALIA,VERTNET,CHORDATA,VERTNET,,,MAMMALIA,VERTNET,,,,,PRIMATES,VERTNET,,,,,,,INDRIIDAE,BURNETT. 1828,,,Propithecus,Bennett. 1832 Sifakas,,,perrieri,Lavauden 1931,,,,Propithecus perrieri,Propithecus perrieri,,0,1,,Rodin Rasoloarison,,,,,8/8/2008,OK,Rodin Rasoloarison,10/3/2011,1
3141,6218,ICZN,ANIMALIA,VERTNET,CHORDATA,VERTNET,,,MAMMALIA,VERTNET,,,,,PRIMATES,VERTNET,,,,,,,INDRIIDAE,BURNETT. 1828,,,Propithecus,Bennett. 1832 Sifakas,,,tattersalli,Simons 1988,,,,Propithecus tattersalli,Propithecus tattersalli,,0,1,,Rodin Rasoloarison,,,,,8/8/2008,OK,Rodin Rasoloarison,10/3/2011,1
3142,6219,ICZN,ANIMALIA,VERTNET,CHORDATA,VERTNET,,,MAMMALIA,VERTNET,,,,,PRIMATES,VERTNET,,,,,,,INDRIIDAE,BURNETT. 1828,,,Propithecus,Bennett. 1832 Sifakas,,,verreauxi,A. Grandidier 1867,,,,Propithecus verreauxi,Propithecus verreauxi,,0,1,,Rodin Rasoloarison,,,,,8/8/2008,OK,Rodin Rasoloarison,10/3/2011,1
4487,8130,ICZN,ANIMALIA,VERTNET,CHORDATA,VERTNET,,,MAMMALIA,VERTNET,,,,,PRIMATES,VERTNET,,,,,,,LEMURIDAE,GRAY. 1821,,,Varecia,Gray. 1863 Ruffed lemurs,,,rubra,(E. Geoffroy 1812),,,,Varecia rubra,Varecia rubra,,0,1,No model possible,Rodin Rasoloarison,,,,,8/8/2008,OK,Rodin Rasoloarison,10/3/2011,1
4488,8131,ICZN,ANIMALIA,VERTNET,CHORDATA,VERTNET,,,MAMMALIA,VERTNET,,,,,PRIMATES,VERTNET,,VERTNET,,,,,LEMURIDAE,VERTNET,,,Varecia,VERTNET,,,variegata,REBIOMA,,,,Varecia variegata,Varecia variegata,,0,1,,Rodin Rasoloarison,,Taxonomic classification not valid anymore. Cf Lemurs of Madagascar Third Edition,unchanged,,8/8/2008,OK,Rodin Rasoloarison,10/3/2011,1
4489,8131,ICZN,ANIMALIA,http://en.wikipedia.org/wiki/Varecia,CHORDATA,http://en.wikipedia.org/wiki/Varecia,,,MAMMALIA,HTTP://EN.WIKIPEDIA.ORG/WIKI/VARECIA,,,,,PRIMATES,HTTP://EN.WIKIPEDIA.ORG/WIKI/VARECIA,,,,,,,LEMURIDAE,GRAY. 1821,,,Varecia,Gray. 1863 Ruffed lemurs,,,variegata,(Hill 1953),Subspecies,editorum,Lemurs of Madagascar,Varecia variegata,Varecia variegata editorum,(Hill 1953),0,1,,Rodin Rasoloarison,,,changed,Tom Allnutt,6/13/2012,OK,Ed Louis,6/13/2012,1
4490,8131,ICZN,ANIMALIA,http://en.wikipedia.org/wiki/Varecia,CHORDATA,http://en.wikipedia.org/wiki/Varecia,,,MAMMALIA,HTTP://EN.WIKIPEDIA.ORG/WIKI/VARECIA,,,,,PRIMATES,HTTP://EN.WIKIPEDIA.ORG/WIKI/VARECIA,,,,,,,LEMURIDAE,GRAY. 1821,,,Varecia,Gray. 1863 Ruffed lemurs,,,variegata,(A. Smith 1833),Subspecies,subcincta,Lemurs of Madagascar,Varecia variegata,Varecia variegata subcincta,(A. Smith 1833),0,1,,Rodin Rasoloarison,,,changed,Tom Allnutt,6/13/2012,OK,Ed Louis,6/13/2012,1
4491,8131,ICZN,ANIMALIA,http://en.wikipedia.org/wiki/Varecia,CHORDATA,http://en.wikipedia.org/wiki/Varecia,,,MAMMALIA,HTTP://EN.WIKIPEDIA.ORG/WIKI/VARECIA,,,,,PRIMATES,HTTP://EN.WIKIPEDIA.ORG/WIKI/VARECIA,,,,,,,LEMURIDAE,GRAY. 1821,,,Varecia,Gray. 1863 Ruffed lemurs,,,variegata,(Kerr 1792),Subspecies,variegata,Lemurs of Madagascar,Varecia variegata,Varecia variegata variegata,(Kerr 1792),0,1,,Rodin Rasoloarison,,,changed,Tom Allnutt,6/13/2012,OK,Ed Louis,6/13/2012,1
